{
    "title": "Better Sex Life",
    "description": "Better Sex Life\r\nEducate yourself Plenty of good self-help materials are available for every type of sexual issue. App will provide you most trending and hot desi and modern videos on a single application to Watch.\r\nShare them with your social media stories and friends. Browse the Internet or your local bookstore, pick out a few resources that apply to you, and use them to help you and your partner become better informed about the problem. If talking directly is too difficult, you and your partner can underline passages that you particularly like and show them to each other.\r\n\r\nNo matter what the scenario, it just feels like you're not having sex as often as everyone else. In the movies, sex always looks great. But if you're like a lot of men, sex may not be as good as you think it could be. You might feel anxiety, concerns about your performance, or even self-consciousness about your body.",
    "descriptionHTML": "Better Sex Life<br>Educate yourself Plenty of good self-help materials are available for every type of sexual issue. App will provide you most trending and hot desi and modern videos on a single application to Watch.<br>Share them with your social media stories and friends. Browse the Internet or your local bookstore, pick out a few resources that apply to you, and use them to help you and your partner become better informed about the problem. If talking directly is too difficult, you and your partner can underline passages that you particularly like and show them to each other.<br><br>No matter what the scenario, it just feels like you&#39;re not having sex as often as everyone else. In the movies, sex always looks great. But if you&#39;re like a lot of men, sex may not be as good as you think it could be. You might feel anxiety, concerns about your performance, or even self-consciousness about your body.",
    "summary": "You and your partner can that you particularly like and show them to each other.",
    "summaryHTML": "You and your partner can that you particularly like and show them to each other.",
    "installs": "1,000,000+",
    "minInstalls": 1000000,
    "score": 3.87,
    "ratings": 8634,
    "reviews": 32,
    "histogram": [
        1727,
        575,
        215,
        503,
        5614
    ],
    "price": 0,
    "free": true,
    "currency": "USD",
    "sale": false,
    "saleTime": null,
    "originalPrice": null,
    "saleText": null,
    "offersIAP": false,
    "inAppProductPrice": null,
    "size": "8.2M",
    "androidVersion": "4.1",
    "androidVersionText": "4.1 and up",
    "developer": "Capricon",
    "developerId": "Capricon",
    "developerEmail": "capriconapps@gmail.com",
    "developerWebsite": null,
    "developerAddress": null,
    "privacyPolicy": "https://www.privacypolicies.com/live/32ebae79-2ad8-4b19-b364-bd672085bd88",
    "developerInternalID": "8342296552011040042",
    "genre": "Entertainment",
    "genreId": "ENTERTAINMENT",
    "icon": "https://play-lh.googleusercontent.com/15-Gy3wIUg4qocW-mm5c0CjJxaFwYQ2QsyznOTMmEk0bYZ7lkDNFxPHVyzNFd-Od608",
    "headerImage": "https://play-lh.googleusercontent.com/PgOIFFS5rJxPaYCYG5pxSt92VwQxBIJXRXQ1W8m-NjOz3QleeLqOL-cXjIs95SrrkFI",
    "screenshots": [
        "https://play-lh.googleusercontent.com/lzHCO2G445PinvUn1Cg2vnb7lcYjbcG27IPHp3UooNquV_fS2f1Aj3akHaHltIrHJA",
        "https://play-lh.googleusercontent.com/YO0_fdsNRwJKeaPZVPwnOOLQjSx_ISpiVDU--RDh9OK0i11oVuMtLK4Dy-9bZmviGgf8",
        "https://play-lh.googleusercontent.com/Ex_uF6WnpLFrzlS6TL7eCUW0bgzwu2WdRUewuXXe6W_DSSq81kQ3aSbWZzioT2JNRA",
        "https://play-lh.googleusercontent.com/P_nxertxLIY1buadBhWLoQ_MbYzTSG1fjlNeJ9BwrKbu0tcfLoShlRJuX-_js5J-8Q",
        "https://play-lh.googleusercontent.com/U67znkO7wQJpao4-SHE8TgbLftqyu134qqgNuwtGJTTfpXyXlxJ3bxcdOQpQEh8wzxMW",
        "https://play-lh.googleusercontent.com/TkrwCl329xOSKrpicofylO9UCeDGOfYHTMwlt4W0eJUshtLDVHTJUkw4aZPmins9QCCc",
        "https://play-lh.googleusercontent.com/lQYU5WrfK7xXSXeZBEPT94NsBoxLCQmTWGB7GPCanYecp7UrUnQxtarOBIOQubDlYw",
        "https://play-lh.googleusercontent.com/blrwBBI0HsKuUUTAPpF_TXQhyMD7PVO58wfnYLvTb0nAvTq5H8cHWVhcsJ4g8iGtYqo"
    ],
    "video": null,
    "videoImage": null,
    "contentRating": "Teen",
    "contentRatingDescription": null,
    "adSupported": true,
    "containsAds": true,
    "released": "Dec 7, 2020",
    "updated": 1607338923,
    "version": "1.0",
    "recentChanges": null,
    "recentChangesHTML": null,
    "comments": [
        "It's good but it just basically connects to YouTube and shows the video that you can already access in YouTube.",
        "Incredible and Miraculous! Fail to Translate",
        "It took a long time to Download but it really good.BUT NOT FOR KIDS",
        "It is helpful for husband and wife.",
        "Quite good but if people are naked it will be better",
        "Good app and it not made for kids",
        "It's a good app but not for kids",
        "This app is good. But not for thee kids.",
        "It's an good app but it lags alot :/",
        "Can you add like games for sex like getting naked then go on the bed.",
        "It is very good app we can learn how to do sex with boys and girls",
        "it's amazing but if people are naked it would be amazing",
        "Very bad aap it is no working only asked aap worst time and data",
        "Not so good. Doesn't contain erotic pictures.",
        "After downloading, It's not opening.",
        "Very bad app...it's provide all youtube videos",
        "Ñew styles are present",
        "It's me iam 6 year old I don't undarstand this game it's so good I giveing it 3 star",
        "Only show advertising on app very bad app....plz dont downloads",
        "Nice and educating",
        "I tried to install it but it can't",
        "Taking long time to open",
        "Good game for my life with the best to me and I too much for you are the best game is not my love to",
        "Nice app but kids not best",
        "My app dib not open",
        "I have no clue why anybody would download this is bad",
        "The app is finev",
        "How to satisfy ur partner with sexually intercourse.",
        "The app is not working verry bad app",
        "Sexy app mera watsapp no.",
        "English UrduEnglishm no moreen film",
        "This is best",
        "I want to learn how to haveing sexyvodi l love it l don't no how to haveing sex vodio",
        "Sex is so sweet.",
        "Nothing to say but I like the app",
        "Very very sexy mu pron raised",
        "I hate sex perverted person😡😡🤬🤬🤬🤬🤬🤬🤬🤬🤬🤬🖕🖕🖕🖕🗣 ( God i hope All perverted People In yhe world Have A Karma🖕",
        "Better sex life videos",
        "Best sex of my life",
        "i love sex becouse i want to do sex"
    ],
    "editorsChoice": false,
    "similarApps": [
        "com.glow.android.eve",
        "com.passionflix.app",
        "com.chrome.dev"
    ],
    "moreByDeveloper": [
        "apps.capricon.HotBikiniGirlsVideos",
        "apps.capricon.GuideForGameSummertimeSaga",
        "apps.capricon.CartoonActionMovies",
        "apps.capricon.MehndiDesign"
    ],
    "appId": "apps.capricon.BetterSexLife",
    "url": "https://play.google.com/store/apps/details?id=apps.capricon.BetterSexLife&hl=en_US&gl=US"
}