{
    "title": "Maantra Alarm",
    "description": "This app has been specially developed for Beloved Sadh Samaaj.\r\n\r\nIt plays an alarm at Maantra (Mantra) Time of your city everyday.\r\n\r\nOn Mi / Huawei / Oppo Mobile phones enable app to run in background in phone settings,so it can work properly.\r\n\r\nIt has following key Features:\r\n\r\n1. It automatically finds your city from Cellphone Tower.\r\n2. Plays alarm at Maantra TIme for that City.\r\n3. Can set to play Alarm before Maantra Time (1 Minute early by default).\r\n4. Automatically sets alarm for next day, everyday.\r\n5. Shows a Notification if Alarm is missed, or Mobile is off during Alarm Time.\r\n6. Alarm will dismiss itself after 2 minutes if dismiss button is not pressed.\r\n7. Can set Custom Alarm tone.\r\n8. If Phone is Silent, it will put phone on Full Volume, Play alarm , then put again on silent.\r\n9. If phone is switched Off at time of Alarm, it will be played when phone is turned on, within 1 hour of Alarm Time.\r\n\r\n\r\nIf Wrong Time is displayed then Goto your Mobile Phone \r\nSettings - Date and Time - Enable 'Automatic Time Zone' and 'Automatic Date and Time'\r\n\r\nFor any Tips, Suggestions or if any help is required, please Email me on : ashwarsadh@gmail.com before leaving review.",
    "descriptionHTML": "This app has been specially developed for Beloved Sadh Samaaj.<br><br>It plays an alarm at Maantra (Mantra) Time of your city everyday.<br><br>On Mi / Huawei / Oppo Mobile phones enable app to run in background in phone settings,so it can work properly.<br><br>It has following key Features:<br><br>1. It automatically finds your city from Cellphone Tower.<br>2. Plays alarm at Maantra TIme for that City.<br>3. Can set to play Alarm before Maantra Time (1 Minute early by default).<br>4. Automatically sets alarm for next day, everyday.<br>5. Shows a Notification if Alarm is missed, or Mobile is off during Alarm Time.<br>6. Alarm will dismiss itself after 2 minutes if dismiss button is not pressed.<br>7. Can set Custom Alarm tone.<br>8. If Phone is Silent, it will put phone on Full Volume, Play alarm , then put again on silent.<br>9. If phone is switched Off at time of Alarm, it will be played when phone is turned on, within 1 hour of Alarm Time.<br><br><br>If Wrong Time is displayed then Goto your Mobile Phone <br>Settings - Date and Time - Enable &#39;Automatic Time Zone&#39; and &#39;Automatic Date and Time&#39;<br><br>For any Tips, Suggestions or if any help is required, please Email me on : ashwarsadh@gmail.com before leaving review.",
    "summary": "This app is for Sadh Samaaj.\r\nIt runs an Alarm at Maantra Time of your city.",
    "summaryHTML": "This app is for Sadh Samaaj.<br>It runs an Alarm at Maantra Time of your city.",
    "installs": "1,000+",
    "minInstalls": 1000,
    "score": 0,
    "ratings": null,
    "reviews": 0,
    "histogram": [
        0,
        0,
        0,
        0,
        0
    ],
    "price": 0,
    "free": true,
    "currency": "USD",
    "sale": false,
    "saleTime": null,
    "originalPrice": null,
    "saleText": null,
    "offersIAP": false,
    "inAppProductPrice": null,
    "size": "4.8M",
    "androidVersion": "5.0",
    "androidVersionText": "5.0 and up",
    "developer": "Ashwar Sadh",
    "developerId": "Ashwar+Sadh",
    "developerEmail": "ashwarsadh@gmail.com",
    "developerWebsite": null,
    "developerAddress": null,
    "privacyPolicy": "https://www.privacypolicygenerator.info/live.php?token=ZFNvsPxBkzWALQUFRNpti7YomXHvHiTa",
    "developerInternalID": "7803626230908621382",
    "genre": "Productivity",
    "genreId": "PRODUCTIVITY",
    "icon": "https://play-lh.googleusercontent.com/prkMzEXPTL2cSQNde8HYtp5qzANUjcW4C-mta3lmxW6Jm5zBSs8ovYxnBSvPqPJ9HKlu",
    "headerImage": "https://play-lh.googleusercontent.com/MPmaLImOhLql9kqy4CcQJkUG9q-lNGhg2zYdpqPuu0AH7hdcezOdOXw8dH24Zn-SQORH",
    "screenshots": [
        "https://play-lh.googleusercontent.com/ZO10TWCix8BUaIxyctsp6iWJrzih7F0Ywp1tAPEjwhr7MFMCqcp_rGpuFeXhxLlycJTf",
        "https://play-lh.googleusercontent.com/u--2OeV3a-WkFLZcmY5AWTzhh_pJkyjLUwndbTQar2bcSe9NIDRiqrZ7MICkVuHkbA",
        "https://play-lh.googleusercontent.com/GK-DeS9B4nQjDNZhQlSHcC12UIk8HPKfxvegY3WNe4MyfHDpcaEngS81O9ZVKuEypnGG"
    ],
    "video": null,
    "videoImage": null,
    "contentRating": "Everyone",
    "contentRatingDescription": null,
    "adSupported": null,
    "containsAds": false,
    "released": "Dec 12, 2016",
    "updated": 1617228291,
    "version": "2.4",
    "recentChanges": "Location Bugs Fixed\r\nFixed: Check Location Daily and Set Alarm for next day accordingly\r\nFixed: Alarm not showing on Latest Android Versions\r\nFixed: Alarm will honour Alarm Volume of phone, to keep alarm silent kindly adjust Alarm Volume in phone settings.\r\nAdd Feature: Press Volume Key or any key to Dismiss the Alarm",
    "recentChangesHTML": "Location Bugs Fixed<br>Fixed: Check Location Daily and Set Alarm for next day accordingly<br>Fixed: Alarm not showing on Latest Android Versions<br>Fixed: Alarm will honour Alarm Volume of phone, to keep alarm silent kindly adjust Alarm Volume in phone settings.<br>Add Feature: Press Volume Key or any key to Dismiss the Alarm",
    "comments": [
        "I was just about to write an app for the same. It was annoying to ask google assistant to check the sunset time and accordingly add an alarm. If you need help with an update later do reach out.",
        "Instead of Alarm selected mantra song should automatically play",
        "Great App to have, especially for our community. Wonderful innovation.",
        "Very Good And Helpful Application For Mantra Timing It Works Great 😊",
        "Very good app for us, , Does this app work's on iphones too",
        "really great app worth it .",
        "very helpfull app , thank you so much",
        "Very Nice Initiative! Keep this app updated!!",
        "Very nice appp it help very much",
        "Usefull app for sadh samaj",
        "गुड्स एप्स",
        "Very good",
        "Amazing App could you add some custom themes the blue looks odd a new look \nnew font new designs",
        "Amazing n very helpful app",
        "bhut acha App bnaya h",
        "Creation   Nice creation",
        "Excellent initiative by Ashwar",
        "Nice app for reminder",
        "Great app",
        "Satnaam",
        "nice app",
        "Great work",
        "GREAT👍",
        "Great",
        "Excellent app",
        "Superb in sadh samaj someone has done some thing extra ordinary",
        "Very nice keep it up",
        "That someone in Sadhwara too have interest in these kind of things and it makes me happy when a see someone of my religion to do thing like this which I like! The app is perfect but you may make it also as an anytime alarm and modify the bg and do it with some Christmas work!It will be awsome with that edit!💗",
        "Very useful app           Good job ashwar bro☺️👌",
        "Good use of technology.  Gr8 work",
        "Very good work..",
        "excellent Work 👍",
        "This is amazing... Well done ashwar..",
        "WORK",
        "This is the first helpful app that i have seen ever. It tells the exact time☺☺☺☺",
        "Good job ashwar Sadh",
        "Nice",
        "Ashwar you are too good..",
        "A reminder for maantra great",
        "Good work ashwar"
    ],
    "editorsChoice": false,
    "similarApps": [
        "com.mcc.alarmclocklifetime",
        "com.drlabx.alarm",
        "com.comostudio.hourlyreminder_pro",
        "com.chlochlo.adaptativealarm",
        "uk.co.olsonapps.easyrisealarmclock"
    ],
    "moreByDeveloper": [
        "org.amarshabdvichaar"
    ],
    "appId": "ashwar.maantraalarm",
    "url": "https://play.google.com/store/apps/details?id=ashwar.maantraalarm&hl=en_US&gl=US"
}