{
    "title": "Hot Sexy Girls Asian Gallery",
    "description": "In the selection you will see very cute and beautiful, sexy Asian girls. Asian girls wallpaper. The application is completely free. Using the application, you can share images with your friends or download the image you like on your phone. The application works without the Internet and Wi-Fi!\r\nI hope you enjoy the phone wallpaper with the girls. There are no anime girls and nudity 18+ in the application.\r\nEnjoy it)",
    "descriptionHTML": "In the selection you will see very cute and beautiful, sexy Asian girls. Asian girls wallpaper. The application is completely free. Using the application, you can share images with your friends or download the image you like on your phone. The application works without the Internet and Wi-Fi!<br>I hope you enjoy the phone wallpaper with the girls. There are no anime girls and nudity 18+ in the application.<br>Enjoy it)",
    "summary": "The Gallery of the hottest Asian girls wallpaper",
    "summaryHTML": "The Gallery of the hottest Asian girls wallpaper",
    "installs": "10,000+",
    "minInstalls": 10000,
    "score": 3.909091,
    "ratings": 242,
    "reviews": 6,
    "histogram": [
        66,
        0,
        0,
        0,
        176
    ],
    "price": 0,
    "free": true,
    "currency": "USD",
    "sale": false,
    "saleTime": null,
    "originalPrice": null,
    "saleText": null,
    "offersIAP": false,
    "inAppProductPrice": null,
    "size": "15M",
    "androidVersion": "4.1",
    "androidVersionText": "4.1 and up",
    "developer": "Kis Developer",
    "developerId": "Kis+Developer",
    "developerEmail": "yahorkav92@gmail.com",
    "developerWebsite": null,
    "developerAddress": null,
    "privacyPolicy": "https://docs.google.com/document/d/1HiD-bqLsN27cB2lA5yPp4VJpHhk_wgd4QmlpT3RF5u4/edit?usp=sharing",
    "developerInternalID": "8291630959591485654",
    "genre": "Photography",
    "genreId": "PHOTOGRAPHY",
    "icon": "https://play-lh.googleusercontent.com/Lh9CcPYZt4J1Xo_I7oARt3HcgnDB0fAT2M0x8fvNFCmrHSv4U7plDDeporGtGmD5LCR5",
    "headerImage": "https://play-lh.googleusercontent.com/KFmjKlZ6kSDOMstnAfjPTjhUalEaKNcFWbYu-ScO0zHYQokxOZf_ZAFvdgBTjDn50Q",
    "screenshots": [
        "https://play-lh.googleusercontent.com/pV5YoUbbJW0mlwbl4uWevd6rEKkk0w5enZK-Pwl0QvOUs4pQl6UkS7a7FcW6FsuKnCE",
        "https://play-lh.googleusercontent.com/Wjyn1H5SuepE6vtfAJBWDzw58e-yQ1TcNQPc4Zg0e9Vb30CuUtzjnR_D-O8yWhLsjN4",
        "https://play-lh.googleusercontent.com/TA_Yh904nIR32h-oGOXGDs4Su1uqd5fGqToWYk7vxDpzq5AxVgjLvEQDjqe4OZk6xg"
    ],
    "video": null,
    "videoImage": null,
    "contentRating": "Everyone",
    "contentRatingDescription": null,
    "adSupported": true,
    "containsAds": true,
    "released": "Apr 18, 2020",
    "updated": 1594455124,
    "version": "0.0.2",
    "recentChanges": "Minor Bugs Fixed",
    "recentChangesHTML": "Minor Bugs Fixed",
    "comments": [
        "Download photo and all you get is blank image",
        "Investigated. Needs removed.",
        "Attention all men , do not operate any heavy machinery while viewing this app...",
        "Dressed girls..nothing to see.",
        "Nice looking girls xx",
        "Love asian girls",
        "Pointless"
    ],
    "editorsChoice": false,
    "similarApps": [
        "appplus.mobi.gallery",
        "dev.ernesto.mahal",
        "dev.ernesto.faryad",
        "dev.ernesto.janam",
        "dev.ernesto.barax"
    ],
    "moreByDeveloper": [
        "scanner.beauty.scale.by.face",
        "tom.appses.themassager"
    ],
    "appId": "book.girls.catal.asia",
    "url": "https://play.google.com/store/apps/details?id=book.girls.catal.asia&hl=en_US&gl=US"
}