{
    "title": "Good Good Golf",
    "description": "Look Good. Play Better.High performance activewear designed for a full day on the course - keeping you dry, cool, and fighting for par.",
    "descriptionHTML": "Look Good. Play Better.High performance activewear designed for a full day on the course - keeping you dry, cool, and fighting for par.",
    "summary": "Fighting For Par",
    "summaryHTML": "Fighting For Par",
    "installs": "1,000+",
    "minInstalls": 1000,
    "score": 4.55,
    "ratings": 25,
    "reviews": 13,
    "histogram": [
        1,
        1,
        1,
        0,
        22
    ],
    "price": 0,
    "free": true,
    "currency": "USD",
    "sale": false,
    "saleTime": null,
    "originalPrice": null,
    "saleText": null,
    "offersIAP": false,
    "inAppProductPrice": null,
    "size": "44M",
    "androidVersion": "5.0",
    "androidVersionText": "5.0 and up",
    "developer": "Made by Influence LLC",
    "developerId": "Made+by+Influence+LLC",
    "developerEmail": "matt+good@madebyinfluence.com",
    "developerWebsite": null,
    "developerAddress": null,
    "privacyPolicy": "https://goodgoodgolf.myshopify.com/pages/privacy-policy",
    "developerInternalID": "8140953658723992663",
    "genre": "Shopping",
    "genreId": "SHOPPING",
    "icon": "https://play-lh.googleusercontent.com/CZW7r7MXG_rnEgHQgjNeGbJJCMkwBnSFU1ovrUisy2bIaGBOdUWV3OWlg6uy2nG-yw9l",
    "headerImage": "https://play-lh.googleusercontent.com/Z1SZm-M7gYcgrEoRrwOGYGyXO-oWdqKbkEsMf-gFpYkW9dAG5SMhc0cmRqSAS4hKpQ",
    "screenshots": [
        "https://play-lh.googleusercontent.com/0_GWlp9IPzvRVfSvBJsWczcCWUl8Wau0ZA_YwxGd6ALuI77xhZUvrvdMFoP9e4ggwej7",
        "https://play-lh.googleusercontent.com/AGEYh-b-qfpldL236kCYW4u3VEmOnO9HeX5jFZyImy0RWDB-3j4kwP5xsYFamwppcxo",
        "https://play-lh.googleusercontent.com/8APxiCREUxwYiuVzBvimL9SXoAzzXaJXI7VI1KVXbuc8i3GHoIQPgYXMWupXSOP51vE",
        "https://play-lh.googleusercontent.com/1YR_Ud3LQKaFY7idDdD6ofjgte3LE97OCDsG1CmkBLwzsBHXrymTI3_A46k-Js1odDdi"
    ],
    "video": null,
    "videoImage": null,
    "contentRating": "Everyone",
    "contentRatingDescription": null,
    "adSupported": null,
    "containsAds": false,
    "released": "Jun 17, 2020",
    "updated": 1629522614,
    "version": "4.0",
    "recentChanges": "We are proud to announce the new Good Good Golf app!",
    "recentChangesHTML": "We are proud to announce the new Good Good Golf app!",
    "comments": [
        "Really cool stuff. I have some of the gm golf merch. Well designed app. I would have to say great great not good good.🤣🤣",
        "Just bought a quarter zip and a hoodie really easy app to use and hopefully the clothing is top notch and durable. Products look great",
        "I really love this app and the apparel along with it. If you watch them on YouTube, this is definitely worth the hype!",
        "Super easy to use, great content! Job = Done! It's Not Not Ideal!",
        "Awesome app well made and we're the pans for sell",
        "It make since but it just seems like its pushing it idk but I still like there content",
        "The prices are so fair and you know I gotta support the bois.",
        "A few tasty touches, nice.",
        "Its quite the app I must say. Pleased with my experience overall.",
        "Really nice set up.",
        "I love where the game is at Steve",
        "It's better than rectal relocation surgery.",
        "Horse",
        "GoodGood",
        "Good",
        "pointless"
    ],
    "editorsChoice": false,
    "similarApps": [
        "de.ehmke.minigolfscoreboard",
        "com.dgcoursereview.android",
        "com.golfforever",
        "com.birdieapps.gps",
        "com.taylormadegolf.myroundpro.android"
    ],
    "moreByDeveloper": [
        "co.tapcart.app.id_7bGXMBtUjd",
        "co.tapcart.app.id_cdlKeuTUCa"
    ],
    "appId": "co.tapcart.app.id_P3IStTu1fc",
    "url": "https://play.google.com/store/apps/details?id=co.tapcart.app.id_P3IStTu1fc&hl=en_US&gl=US"
}