{
    "title": "Lush Lavié",
    "description": "Lush Lavié is an online women's lingerie and loungewear boutique located in the Midwest. Founded in 2018 by a woman who decided to stop fantasizing and to live her fantasies instead. \r\n\r\nWe specialize in lingerie and loungewear that women would typically wear when they're fantasizing about their significant other. \r\n\r\nThe goal is to get every women to be as confident in real life like they would be in their fantasy. We help by providing our customers with luxurious pieces that would make them feel sexy, confident, and comfortable while living their fantasy.",
    "descriptionHTML": "Lush Lavié is an online women&#39;s lingerie and loungewear boutique located in the Midwest. Founded in 2018 by a woman who decided to stop fantasizing and to live her fantasies instead. <br><br>We specialize in lingerie and loungewear that women would typically wear when they&#39;re fantasizing about their significant other. <br><br>The goal is to get every women to be as confident in real life like they would be in their fantasy. We help by providing our customers with luxurious pieces that would make them feel sexy, confident, and comfortable while living their fantasy.",
    "summary": "Lingerie & Loungewear",
    "summaryHTML": "Lingerie &amp; Loungewear",
    "installs": "1,000+",
    "minInstalls": 1000,
    "score": 4.8421054,
    "ratings": 20,
    "reviews": 17,
    "histogram": [
        0,
        0,
        0,
        3,
        17
    ],
    "price": 0,
    "free": true,
    "currency": "USD",
    "sale": false,
    "saleTime": null,
    "originalPrice": null,
    "saleText": null,
    "offersIAP": false,
    "inAppProductPrice": null,
    "size": "45M",
    "androidVersion": "5.0",
    "androidVersionText": "5.0 and up",
    "developer": "Lush Lavie LLC",
    "developerId": "Lush+Lavie+LLC",
    "developerEmail": "support@lushlavie.com",
    "developerWebsite": null,
    "developerAddress": null,
    "privacyPolicy": "https://www.lushlavie.com/",
    "developerInternalID": "7340153271424933300",
    "genre": "Shopping",
    "genreId": "SHOPPING",
    "icon": "https://play-lh.googleusercontent.com/odP8U3M5R4LNxYFxfsGmWsrTbXZ-pWfnuf3Q1xOu5HGA74LVXB_9I2Wyb12RasXK6CTt",
    "headerImage": "https://play-lh.googleusercontent.com/KZktjPX5pc81nmL7KiA00JRmoYnz-B-LtUw_aBv-yoCDBBnHG9JNz6uxKr773j95-jA",
    "screenshots": [
        "https://play-lh.googleusercontent.com/BPiw5a1NY-eSokiLKKT666eHqtSnfK9ktGsKRiO37iTVseWBZlbOQYmtdV1zDmKEXvM",
        "https://play-lh.googleusercontent.com/1kuH-sGBKldP-VCM8JSMXCc__ac0avDCrGLBJHVwdq7_KqDaqf9I-CTJOwDb2KyGOLE",
        "https://play-lh.googleusercontent.com/LnlmGUm-u3T-aPsC9tqK1pL6jFPSRqYe-IdctiAxjcawnKhMxTyoowbqOqiW3pTiQEc",
        "https://play-lh.googleusercontent.com/Jdv3z6BBiL4ggfjcbLLjPXgMR7gT6YuOqfWHJUXLsYwqVqMXl70za9-wzPx4NxxXCKyA",
        "https://play-lh.googleusercontent.com/Ozo9qUiMwJrCblwsm1uSANwhXvFoee5YiFuvUXHrGoZmPpZZEAApc1MkyTuvMSuQTXs",
        "https://play-lh.googleusercontent.com/_CqRmV_YRZO9uSvVaaMAmIs9dLl5znianGqtYcPagCJD3T3xWZ7BbaM7xC5KXpxMyUU"
    ],
    "video": null,
    "videoImage": null,
    "contentRating": "Everyone",
    "contentRatingDescription": null,
    "adSupported": null,
    "containsAds": false,
    "released": "Apr 19, 2021",
    "updated": 1628730270,
    "version": "4.0",
    "recentChanges": "We are proud to announce the new Lush Lavié app!",
    "recentChangesHTML": "We are proud to announce the new Lush Lavié app!",
    "comments": [
        "Most definitely an amazing site, with great prices. I can't wait to share this with my lady....hmmm... Father's Day is coming up. I might get something for her...for me. Lol",
        "App is easy to navigate, the models are gorgeous and they have pieces going up to 3xl! Gotta drop a coin real quick!",
        "Cant wait to see whats next... Great company and owner, great products and customer service!!! Make sure kids are gone when modeling for spouse😛👙💦💦💦💦",
        "They are the best! Best customer service and best shopping experience!",
        "Amazing customer service, great quality products, fast shipping.",
        "Easy to navigate and great selection!",
        "Easy to navigate but still had to refer to actual site for size chart",
        "Great sexy products. And the come in extended sizes! Thank you so much!",
        "Love this app. Always like dressing up for my man",
        "The app is easy to use and the everything is so amazing.",
        "The app is user friendly. I would recommend it to anyone looking to feel sexy",
        "Everything that I have seen in this store looks sexy. Can't wait to purchase things.",
        "Enticing items indeed",
        "Awesome! I can't wait to receive my products 🔥",
        "Beautiful. Caters to the curvy ladies.",
        "Loving the way I look in theseee",
        "Very exquisite",
        "Great experience!!",
        "Great service"
    ],
    "editorsChoice": false,
    "similarApps": [
        "com.glamuse.glamapp",
        "com.prettylittledistraction.android",
        "com.silverandlaceboutique.android",
        "com.torrid.android",
        "com.flauntboutique.android"
    ],
    "moreByDeveloper": null,
    "appId": "co.tapcart.app.id_7ToFOftMXH",
    "url": "https://play.google.com/store/apps/details?id=co.tapcart.app.id_7ToFOftMXH&hl=en_US&gl=US"
}