{
    "title": "StarFit Studio",
    "description": "Download the StarFit Studio App today to plan and schedule your classes! From this mobile App you can view class schedules, sign-up for classes, view ongoing promotions, as well as view location and contact information. You can also click through to our Facebook page! Optimize your time and maximize the convenience of signing up for classes from your mobile! Download this App today!\r\n\r\nAlso be sure to check out our website at: http://www.starfitstudio.com/",
    "descriptionHTML": "Download the StarFit Studio App today to plan and schedule your classes! From this mobile App you can view class schedules, sign-up for classes, view ongoing promotions, as well as view location and contact information. You can also click through to our Facebook page! Optimize your time and maximize the convenience of signing up for classes from your mobile! Download this App today!<br><br>Also be sure to check out our website at: http://www.starfitstudio.com/",
    "summary": "Book classes quickly using our app in Arlington / Alexandria.",
    "summaryHTML": "Book classes quickly using our app in Arlington / Alexandria.",
    "installs": "50+",
    "minInstalls": 50,
    "score": 0,
    "ratings": null,
    "reviews": 0,
    "histogram": [
        0,
        0,
        0,
        0,
        0
    ],
    "price": 0,
    "free": true,
    "currency": "USD",
    "sale": false,
    "saleTime": null,
    "originalPrice": null,
    "saleText": null,
    "offersIAP": false,
    "inAppProductPrice": null,
    "size": "90M",
    "androidVersion": "6.0",
    "androidVersionText": "6.0 and up",
    "developer": "Geisler Young",
    "developerId": "Geisler+Young",
    "developerEmail": "nolen.young@geisleryoung.com",
    "developerWebsite": null,
    "developerAddress": null,
    "privacyPolicy": "https://starfitstudio.com/privacy-policy/",
    "developerInternalID": "6667509110082307076",
    "genre": "Health & Fitness",
    "genreId": "HEALTH_AND_FITNESS",
    "icon": "https://play-lh.googleusercontent.com/qY3-ajSc7gxDB6O_du5GTuzbW7-MFHonuSQhp3aF5uZk8Ijs2puHgsHj53zZEqUN1sE",
    "headerImage": "https://play-lh.googleusercontent.com/Yomjd3T8O3UdDVOrVaR3LisQwjQbvRZNYCD184kF2HgR_Uw8WzjC5mDxQAB29FDILR4",
    "screenshots": [
        "https://play-lh.googleusercontent.com/Yq1LwiwWpde8KkYCbfvhkdCSIGOqVcPR9W64Dqo8RVygA-sAMoLoAE0ohW2ao-frFA",
        "https://play-lh.googleusercontent.com/-yDER0RBkIQNCMA7Lg1SEKsns8qTya3QWdTINgF1So3Y1k52vdkp-eBuwBCoLkEWnA",
        "https://play-lh.googleusercontent.com/_upElPV8MvdHaPGoxSEKNz1EV0SJqABCPnFDX55y6Rbc-0Q_c3FjI9ifHDLRQXUnJw",
        "https://play-lh.googleusercontent.com/vLLHpSelhn9-9zkOYz70uBF9oopHO53OSOc_n192GB0SwwY9HYMhIiCmZmeo1WVl5Q",
        "https://play-lh.googleusercontent.com/l4gS69pRlVyboUuP-pZZfUR1zG9R3WYNuBJzMYM6M-vlX-TofMEbmL9vvjLYZWT2hcM",
        "https://play-lh.googleusercontent.com/dPq8YnWjUpQucl-z4_rDsYvvkQ8rzteERsNrZTsVVRxnm0WVTnMPHP8lr8db3mDuev35"
    ],
    "video": null,
    "videoImage": null,
    "contentRating": "Everyone",
    "contentRatingDescription": null,
    "adSupported": null,
    "containsAds": false,
    "released": "Jan 9, 2021",
    "updated": 1635713889,
    "version": "1.2.0",
    "recentChanges": "Bug fixes.",
    "recentChangesHTML": "Bug fixes.",
    "comments": [],
    "editorsChoice": false,
    "similarApps": [
        "com.WahooFitness.SYSTM",
        "com.citysportsfitness.android",
        "com.wahoofitness.fitness",
        "com.beyondthewhiteboard.johnnyutah",
        "com.jcs.fitsw"
    ],
    "moreByDeveloper": [
        "com.spenga",
        "com.solidcore",
        "com.redlineathletics",
        "com.yogapodgo",
        "com.werockthespectrum"
    ],
    "appId": "com.starfitstudio",
    "url": "https://play.google.com/store/apps/details?id=com.starfitstudio&hl=en_US&gl=US"
}