{
    "title": "u-pull-it",
    "description": "U-Pull-It process a car every 28 minutes for our customers to enjoy Adelaide’s cheapest auto-parts prices. The U-Pull-It App keeps you up to date with our current stock of vehicles, parts prices and locations. You can even contact us to sell us your car or reach us on social media.",
    "descriptionHTML": "U-Pull-It process a car every 28 minutes for our customers to enjoy Adelaide’s cheapest auto-parts prices. The U-Pull-It App keeps you up to date with our current stock of vehicles, parts prices and locations. You can even contact us to sell us your car or reach us on social media.",
    "summary": "U-Pull-It Australia's largest auto-parts dismantler",
    "summaryHTML": "U-Pull-It Australia&#39;s largest auto-parts dismantler",
    "installs": "5,000+",
    "minInstalls": 5000,
    "score": 4.3846154,
    "ratings": 21,
    "reviews": 4,
    "histogram": [
        1,
        0,
        1,
        3,
        16
    ],
    "price": 0,
    "free": true,
    "currency": "USD",
    "sale": false,
    "saleTime": null,
    "originalPrice": null,
    "saleText": null,
    "offersIAP": false,
    "inAppProductPrice": null,
    "size": "23M",
    "androidVersion": "4.4",
    "androidVersionText": "4.4 and up",
    "developer": "John Littler",
    "developerId": "John+Littler",
    "developerEmail": "info@upullitrecycling.com.au",
    "developerWebsite": "https://www.upullit.com.au",
    "developerAddress": null,
    "privacyPolicy": "https://appcdn.media/privacy/?app=Upullit",
    "developerInternalID": "5596807299144245211",
    "genre": "Auto & Vehicles",
    "genreId": "AUTO_AND_VEHICLES",
    "icon": "https://play-lh.googleusercontent.com/fn8GflLtUbj_LZxrDH7myyh6XagqpmJu6rZpQVA2-xoGOhikKSKPp6ecqBc6izZk_mk",
    "headerImage": "https://play-lh.googleusercontent.com/rRDsb2hpWwwrE9_ObdKp_yFITfkR9FyQ0UzMQ3Brjlig2Ix0BqPbm1GYfzrDMEyrMQ",
    "screenshots": [
        "https://play-lh.googleusercontent.com/3S1vdDGr9rFVg85zBxDjRwquNvcoup-0pA0N1s8BuIjTj76iyevSiPJtdoSC15blIcA",
        "https://play-lh.googleusercontent.com/TD3ynZHKR7MQ0u_BWD2OBSBefZ8ep-YQ0wh0bcPYAeHhYqvf-pcApPHk87dtWF1wz1o",
        "https://play-lh.googleusercontent.com/YPt6yAkbI6z_KwgPUZyNDR0zMX52bre-QG36sO0c0WKPvUzPVTPm5B50p_MdJcnXx1s"
    ],
    "video": "https://www.youtube.com/embed/_QZsjEOE0z8?ps=play&vq=large&rel=0&autohide=1&showinfo=0",
    "videoImage": "https://play-lh.googleusercontent.com/rRDsb2hpWwwrE9_ObdKp_yFITfkR9FyQ0UzMQ3Brjlig2Ix0BqPbm1GYfzrDMEyrMQ",
    "contentRating": "Everyone",
    "contentRatingDescription": null,
    "adSupported": null,
    "containsAds": false,
    "released": "Sep 13, 2019",
    "updated": 1574738715,
    "version": "1.0",
    "recentChanges": null,
    "recentChangesHTML": null,
    "comments": [
        "Great for finding parts locations",
        "Terrible experience, the mobile website is better.",
        "Pull any car parts at a decent price!",
        "The app is painfully slow to use, extreme lag etc,",
        "Great to see what your after and the price and location all in one",
        "Great app easy to use",
        "My favorite place grownups playground",
        "The Best Place in South Australia",
        "Great people",
        "Super",
        "👍"
    ],
    "editorsChoice": false,
    "similarApps": [
        "com.napa.tracs",
        "com.inloher.salvagereseller",
        "com.project529.garagev2.app",
        "com.row52.app",
        "com.autotec"
    ],
    "moreByDeveloper": null,
    "appId": "com.app.testfsmk",
    "url": "https://play.google.com/store/apps/details?id=com.app.testfsmk&hl=en_US&gl=US"
}