{
    "title": "Pop It Phone Case DIY-Casetify",
    "description": "Pop-it phone case breaks the pop on your mobile phone case.\r\nWelcome to the: \r\nDIY Pop it Fidget Toys 3DPhone Case Game\r\nAfter the huge success of our Pop it fidget toy 2! DIY calming ASMR poppers game presenting another DIY Pop it Fidget Toys 3DPhone Case Game.\r\n\r\nThe RN Gaming Studio knows very well how much you all love playing with poppets fidget toys and your mobile phones.\r\nHere we are with a unique blend of both your favourite things yes DIY pop it phone case is a squishable push poppable toy cover for your mobile phone. If this is the case, then this amazing Rainbow 3D phone case DIY poppets fidget toy is the perfect time killer toy for when you are on the road or bored. Furthermore, it can help you release your stress from your body by detoxing it as if you didn't have any anxiety & stress.\r\nOur unique Pop it fidget toys 3DPhone Case Game provide anxiety and anger management through bubble pops. All of them have calming and relaxing ASMR sounds to satisfy you. It is designed to satisfy your needs.\r\nYou can change the style of the buttons, the colour of the base according to your desires, and it will help you manage your stress, anxiety, & anger issues much better.\r\n\r\nKey features of DIY Pop it Fidget Toys 3DPhone Case Game:\r\nThis Pop it game features a new type of playable bubble pops\r\nIn addition, we have a push tie dye bubble that is a sensory fidget toy for autism\r\nPop up ASMR Fidget for DIY Mobile Case designed with unique colours and shapes.\r\nPop it push it pop 100 hundred bubbles poppet for both young and old.\r\nMultiple colour and shapes of buttons and base are available.\r\nYou can choose your desired button or base colour.\r\nComfortable clicking bubbles  with calming and relaxing ASMR sounds \r\nGetting coins and unlocking new fidget pops is possible\r\n\r\nThe pop it sensory fidget toys 3D Antistress Phone Case Game makes you instantly calm down with this 3D antistress phone case game when you're on the go and can't be bothered with someone to calm you down and manage your anger.",
    "descriptionHTML": "Pop-it phone case breaks the pop on your mobile phone case.<br>Welcome to the: <br>DIY Pop it Fidget Toys 3DPhone Case Game<br>After the huge success of our Pop it fidget toy 2! DIY calming ASMR poppers game presenting another DIY Pop it Fidget Toys 3DPhone Case Game.<br><br>The RN Gaming Studio knows very well how much you all love playing with poppets fidget toys and your mobile phones.<br>Here we are with a unique blend of both your favourite things yes DIY pop it phone case is a squishable push poppable toy cover for your mobile phone. If this is the case, then this amazing Rainbow 3D phone case DIY poppets fidget toy is the perfect time killer toy for when you are on the road or bored. Furthermore, it can help you release your stress from your body by detoxing it as if you didn&#39;t have any anxiety &amp; stress.<br>Our unique Pop it fidget toys 3DPhone Case Game provide anxiety and anger management through bubble pops. All of them have calming and relaxing ASMR sounds to satisfy you. It is designed to satisfy your needs.<br>You can change the style of the buttons, the colour of the base according to your desires, and it will help you manage your stress, anxiety, &amp; anger issues much better.<br><br>Key features of DIY Pop it Fidget Toys 3DPhone Case Game:<br>This Pop it game features a new type of playable bubble pops<br>In addition, we have a push tie dye bubble that is a sensory fidget toy for autism<br>Pop up ASMR Fidget for DIY Mobile Case designed with unique colours and shapes.<br>Pop it push it pop 100 hundred bubbles poppet for both young and old.<br>Multiple colour and shapes of buttons and base are available.<br>You can choose your desired button or base colour.<br>Comfortable clicking bubbles  with calming and relaxing ASMR sounds <br>Getting coins and unlocking new fidget pops is possible<br><br>The pop it sensory fidget toys 3D Antistress Phone Case Game makes you instantly calm down with this 3D antistress phone case game when you&#39;re on the go and can&#39;t be bothered with someone to calm you down and manage your anger.",
    "summary": "DIYpop it fidgets Toys 3D Phone Case push popop Bubble pop it pop up sensory toy",
    "summaryHTML": "DIYpop it fidgets Toys 3D Phone Case push popop Bubble pop it pop up sensory toy",
    "installs": "100,000+",
    "minInstalls": 100000,
    "score": 4.25,
    "ratings": 284,
    "reviews": 5,
    "histogram": [
        23,
        0,
        47,
        23,
        191
    ],
    "price": 0,
    "free": true,
    "currency": "USD",
    "sale": false,
    "saleTime": null,
    "originalPrice": null,
    "saleText": null,
    "offersIAP": false,
    "inAppProductPrice": null,
    "size": "36M",
    "androidVersion": "4.4",
    "androidVersionText": "4.4 and up",
    "developer": "RN Gaming Studio",
    "developerId": "6360186280366293950",
    "developerEmail": "rngamingstudio12@gmail.com",
    "developerWebsite": "http://rngamingstudio.com/",
    "developerAddress": null,
    "privacyPolicy": "http://rngamingstudio.com/privacy-policy-2/",
    "developerInternalID": "6360186280366293950",
    "genre": "Simulation",
    "genreId": "GAME_SIMULATION",
    "icon": "https://play-lh.googleusercontent.com/jq0tLXrCGoTHODuWHDLW0YR-b46whX5wYkdEuDXjAgLeqWW9XPS6snAZu0BQ10-RNA",
    "headerImage": "https://play-lh.googleusercontent.com/huelm-ldK1Fqy9WbENPid21fQMAm0suxom_Ofo1rEntm22eEE25tjmWQokJ0EQFlUqI",
    "screenshots": [
        "https://play-lh.googleusercontent.com/t5SHb5_YO_YjG_CMnDnSMKLJeNZjO7pr1wdEJssLYptnII_PQTfm64Qe2kaZqcVKhxY",
        "https://play-lh.googleusercontent.com/yrfNvTmXveFWZZxbeFhkYd0tluGY6dj3fRWlUJriuzVmapblO9rSfoD017UbutoovQ",
        "https://play-lh.googleusercontent.com/BtfSIX3HkJkGmMLmuZbfUQBnmxsIDziERzXWtkmDoHlqbKWBeW8GpwZJxcebkk9oXyA6",
        "https://play-lh.googleusercontent.com/eLQXEAA19JwWfzV6CAqONvwWUyyNn9yeCkFJP4edtthQBNeOxdp1qqaVQUBantTjivi5",
        "https://play-lh.googleusercontent.com/dRcuYSMFCfFJxFjxdTbXraMGEAWJvoHsJfcllsALHb-bTFYPGyET0qxEdTLWpKfjbtjw",
        "https://play-lh.googleusercontent.com/U2WBZc1R6gd_nrsos-bfnlhCsIVsE45laJMsSk8hhGwzIcC_QBgQ9mSOTEACnDPYN40",
        "https://play-lh.googleusercontent.com/emOHmAWMyf-O2_obhTZ0iWDkp9MfrMB5MZ8TBNH0TKK_YGrmXklRXpQpW6m4XjDBZy8",
        "https://play-lh.googleusercontent.com/Tloa43nuc6oMiX-_XH3K83AJnQdjFU-qZZQW-OYhRXvgfaiC_e0QtRiAEucJah3Lkw",
        "https://play-lh.googleusercontent.com/jj2S86qx17Wy_g35QVm1CO0GR1Q_pOmzNCD4BWrXZd2aE-7JrrgFP24-_Z02deQVXt4",
        "https://play-lh.googleusercontent.com/BKMnvTWG2wWLRZuPv2OR0PNly1hf8KIqU10Xmou4V1QhIgT0FQvTv8f5GDAdjlwn_Q",
        "https://play-lh.googleusercontent.com/h0zuTKkQrmO-d9ao2LOKIEL5wybDtyKjcDDUu-6qmsSeVsMJ7ualTH_xOS8a9jWPD39r",
        "https://play-lh.googleusercontent.com/jGP7W2EXwh52RNPJgGQUCjj3EVl5LYFvR5nkWyVI7baT0jSM_70gZabXOQUoA9L8E0o",
        "https://play-lh.googleusercontent.com/Y8_CwVq3mAvobPi5Pf93tIg83kmVxAEBe4vXvKrJP74vFYdfXPGtjxuHPWaEOSvYaw",
        "https://play-lh.googleusercontent.com/SUxDkQLHffwyr0PE75XgW7CKoPrVh0PX-kI2Tnosh1FjruAgi-HRG4f08Be5bk87iA",
        "https://play-lh.googleusercontent.com/KMPIDGzsYI5okCZK10UTaOfEDdjZ1-YkD4jYuiBANLRnX4FYjmasFI7HQFfHKi-FwysE",
        "https://play-lh.googleusercontent.com/8gn2G1u5eVRbTMUOPcjOHO1TWdECWSlhHlQcUuv4vkSHQGH_xujVSncoyYXKlNFlDkk",
        "https://play-lh.googleusercontent.com/AR_R4_9dRaeNlP8GFfkGDPsXRGa_rF3hV1rbMWSmx31PDutbb9zMIy_ZAMxCZDHaO4w",
        "https://play-lh.googleusercontent.com/_4MsdyvQ3t-oUxPXBPSYwH1nguhebNzbfnUGXuHXpMIYVdiDtJSWJj1X3Z0Vc9GHmPg"
    ],
    "video": null,
    "videoImage": null,
    "contentRating": "Everyone",
    "contentRatingDescription": null,
    "adSupported": true,
    "containsAds": true,
    "released": "Jun 14, 2021",
    "updated": 1639898192,
    "version": "1.0.6",
    "recentChanges": null,
    "recentChangesHTML": null,
    "comments": [
        "I like this game so much it's new and fun and get free coins everytime you touch a pop it. Why I put 3 stars. Read the problems..2 problems:1.why dose it not make the pop it noise everytime you pop it :2.why dose it not go all the way down when you pop it. Maybe add the noise and let you do the back side thank you 🤡",
        "This is an mind relaxing puzzle game. I am fully satisfied with this game. Highly recommended to all my friends.",
        "This is a wonderful and very easy to install game. I will say that It is a perfect game that i ever played.",
        "This is such a relaxing design slime gameplay, everything is addictive design. Thanks",
        "Fidget toy 3D is an interesting game play.It is very easy to play and control.I like it and find it awesome game.I is a great game play.It has amazing features.I appreciate the developers of this application.I love it .",
        "DIY Pop it Fidget is my one of favourite app til now ,its features are superem i like the app, the app is more important and optimistic , i like it very much and recommend to Downlod and use it",
        "Fidget toy 3d game stimulates your brain in a very fun and challenging way. I play it regularly in my good time. ❤",
        "Fidget toy 3D game app is tremendous game app on play store. Features are good. Easy to install. I like this app very much. 🥰",
        "DIY pop it fidget toys 3d phone case is a nice game application. We can designed mobile case with unique colours and shapes.❤",
        "DIY pop it fidget toys is reall amazing and interesting 3D mobile case game.Mobile case is in amazing and attractive colors and designs.I really love to play this game .",
        "This Pop... This game features a new type of playable bubble pops have so much fun.",
        "DIY Pop It Fidget Toys 3D. this game easily Play Your Childer. And It is most important for you Childer. This is Brain Opeing Game",
        "The base according to your desires, and it will help you manage your stress, anxiety, & anger issues much better.",
        "DIY pop it fidget toys 3D phone case is interesting and enjoyable game. It is very useful game. I love this game.",
        "Fidget toy phone is an best stress relief game to play on your device. This game is totally free for gamers. It is totally useful and efficient game. ❤",
        "I REALY LOVE THIS GAME 🎮 IT'S SATISFYING AND IT'S COOL BUT IT HAS A PROBLEM AND THE PROBLEM IS THE ADS THEY ARE SO UNCOOL AND IT MAKES THE GAME ABIT BAD SO PLEASE JUST CHANGE HOW IT IS done ✅ ok pls do it or else I'mma delete it understand",
        "Diy pop it Fidget toys is a wonderful and very intresting game.its nice application for allll.very coloure ful and stylish game .i really loved it.every one should try this application",
        "So great so amazing game graphic this game very wonderful great work from developer I like it very much",
        "Fidget toy phone is a very nice and good application.its has an excellent Application is very simple to use and install.its a very enjoying application i really like this application⭐",
        "DIY pop it fidget toy is wonderful application for use and install it is wonderful application I appreciate this application ❤️",
        "Fridget toy phone application is really wonderful and strong app It's very interesting and best app🙂",
        "Its fun and i been playing for 10 months and i been on my phone playing this game..",
        "It is a very nice app and good working fast speed app",
        "Wow guys diy pop it fidget my favourite bubbles pushing game. I love to play everyday. Must be download guys.",
        "DIY pop it fidget toys 3d phone case game application is designed to satisfy our needs.❤",
        "Fidget toy game is very unique and fantastic I like to play this game❤",
        "Diy pop fidget is really an outstanding and incredible game i really like it very much ❤️",
        "The first time in a bit more about this topic and the best time of the day",
        "I like it but its not as fun as it looks",
        "❤️❤️❤️ fidget toy 3d is superlative game ❤️❤️❤️ Wishing you loads of Success.",
        "I love it so somuch",
        "Fidget 3d game is super.👌♥️♥️",
        "Its so cute",
        "This game is supper 💗💗💖💖💖",
        "Worst app on planet 😡😡😡😡😡😡😡😡🤬🤬🤬🤬😠",
        "It's so fun♥️♥️♥️♥️♥️♥️♥️♥️♥️♥️♥️♥️♥️♥️♥️♥️♥️♥️♥️♥️♥️♥️♥️♥️♥️😀😀😀😀😀😀😀😀😀😀😀😀😀😀😀😀😀😀😀😀😀😀😀😀😀😀😀😀😀😀😀😀😀♥️♥️♥️♥️♥️♥️♥️♥️♥️♥️",
        "Szeretem ezt az alkalmazást, a legjobb funkciókkal rendelkezik, diy pop fidget és minden igazán lenyűgöző funkciója tökéletes kijelző és témák a használatához, és nagyon zökkenőmentesen fut.❤",
        "i like popit 😍",
        "Abhira",
        "Saachi5"
    ],
    "editorsChoice": false,
    "similarApps": null,
    "moreByDeveloper": null,
    "appId": "com.rngamingstudio.Popit.phonecase.diy.game3d.popop",
    "url": "https://play.google.com/store/apps/details?id=com.rngamingstudio.Popit.phonecase.diy.game3d.popop&hl=en_US&gl=US"
}