{
    "title": "HorrorU",
    "description": "O HorrorU é um App criado para quem gosta do Tema terror, aqui você encontra uma infinidade de vídeos criados por nossos parceiros, o app automaticamente notifica todos usuários sobre novos vídeos postados nos canais do YouTube dos nossos parceiros, assim você não perde nenhuma novidade.\r\n\r\nAh, você é YouTuber do tema? Então pode ter seu canal aqui no app gratuitamente, só precisa nos ajudar a alcançar ainda mais pessoas.\r\n\r\nAlém disso participe da comunidade, poste fotos, relatos, contos, experiências e mensagens entre os usuários.\r\n\r\nAlém disso você pode indicar livros e receber indicações de leitura sobre o tema.\r\n\r\nOS temas que você encontra aqui são:\r\nUfologia, \r\nCreppypastas,\r\nCrimes,\r\nFantasmas, \r\nRelatos,\r\nMistérios e muito mais.\r\n\r\nVem pra cá!",
    "descriptionHTML": "O HorrorU é um App criado para quem gosta do Tema terror, aqui você encontra uma infinidade de vídeos criados por nossos parceiros, o app automaticamente notifica todos usuários sobre novos vídeos postados nos canais do YouTube dos nossos parceiros, assim você não perde nenhuma novidade.<br><br>Ah, você é YouTuber do tema? Então pode ter seu canal aqui no app gratuitamente, só precisa nos ajudar a alcançar ainda mais pessoas.<br><br>Além disso participe da comunidade, poste fotos, relatos, contos, experiências e mensagens entre os usuários.<br><br>Além disso você pode indicar livros e receber indicações de leitura sobre o tema.<br><br>OS temas que você encontra aqui são:<br>Ufologia, <br>Creppypastas,<br>Crimes,<br>Fantasmas, <br>Relatos,<br>Mistérios e muito mais.<br><br>Vem pra cá!",
    "summary": "HorrorU is the app for anyone who likes the horror theme",
    "summaryHTML": "HorrorU is the app for anyone who likes the horror theme",
    "installs": "100+",
    "minInstalls": 100,
    "score": 0,
    "ratings": null,
    "reviews": 0,
    "histogram": [
        0,
        0,
        0,
        0,
        0
    ],
    "price": 0,
    "free": true,
    "currency": "USD",
    "sale": false,
    "saleTime": null,
    "originalPrice": null,
    "saleText": null,
    "offersIAP": false,
    "inAppProductPrice": null,
    "size": "53M",
    "androidVersion": "5.0",
    "androidVersionText": "5.0 and up",
    "developer": "Alope Digital",
    "developerId": "8033582895544645574",
    "developerEmail": "maiconleffa@gmail.com",
    "developerWebsite": "https://www.alope.com.br",
    "developerAddress": null,
    "privacyPolicy": "https://www.rocketblick.com.br/privacy.html",
    "developerInternalID": "8033582895544645574",
    "genre": "Social",
    "genreId": "SOCIAL",
    "icon": "https://play-lh.googleusercontent.com/KMmdYS4FZhtthdA0Pp1TKEnCUUKNsW9DVRkgfoQQwvN2U0KI3NerF7e2uiMtM4sKm10",
    "headerImage": "https://play-lh.googleusercontent.com/PQfiiYtbIOA9YXRZ3_BjjcVqk_zwvkhovMUSZOWsp16hJT_3v4eUBAP4-ISTd_CfgcY",
    "screenshots": [
        "https://play-lh.googleusercontent.com/q059Gt3GrDJG7L4dYM2Jz9EqG5ue4EOqQm7TO8Y_FnM3CD_Jz0_yrO7vbhtZ6OedlG4",
        "https://play-lh.googleusercontent.com/BNkZUUktkHJ8OjKhjPyKImNHHvWSqGazy2tyG5utoeG96YGyoX07Nz_zQMi0P93V9g",
        "https://play-lh.googleusercontent.com/RZbCzjsFLxciIyV3AAomZ62w3C4BlUoGc0y_rJtRS-Svf_F8OedLeWlg3xzSA49BBH8",
        "https://play-lh.googleusercontent.com/mkfBgGRbIJIOKbmjECnSmb28Lu8il6ii_6uB_Hce16fzKLvS4-3jKF5Eum1pvbk6NrA",
        "https://play-lh.googleusercontent.com/7s8bJenY4AB6C-2Ir65E419fGaSMhVaSIyRboTRBmyXugDcK7lPicgYbjhanv726We_-",
        "https://play-lh.googleusercontent.com/AweFjnrmhENhHpXCji3cZ7--68NF2zm4Bvg1WYUt1jNF9HXnRL-_rL2fxK6Ohv7KSw",
        "https://play-lh.googleusercontent.com/W8LHjcVAZo4l7JYNV4T9nNYDQ8KJqi1bxncy5RMJP1zOP-nKZrbhtkHu770TFaRZDw",
        "https://play-lh.googleusercontent.com/M8KmA5XCXwhVPJKp6SHRCvYK5Tmy736WDNYvKx4F0HOzBL-uvvdduEUOcJGvIfPUt-E",
        "https://play-lh.googleusercontent.com/MtQXvEecoI2L3RERtje_6FCjPfqhvO1tbwxbu0me-ZSeQMecDfMvrmbj548vZh_AkKA",
        "https://play-lh.googleusercontent.com/Vu3tBaqcEJHh0ovrjINDZC_EYgOpVTboJ0LrDPOjWKlQ3s94cvCKGg85I3QOLKZ-ERk",
        "https://play-lh.googleusercontent.com/ZrVsVD2hHA1K251-YvQaG-Z-T_fPdRwNOY1QXdE8FlFGQc2X5XJv90KpQN-70eQJWmzs",
        "https://play-lh.googleusercontent.com/bG8XKXAAPRLu3P2EYvbkyzOShjoA605hgkVzSoY4Y5ShzWGqOtb0r-ZaHs-xS0tXMdv8",
        "https://play-lh.googleusercontent.com/L1uNR_49YxnsjcWHjQWY1XmyJIJoZdS1Iz8cBvXjJX_dnxsngHlP1YlZMe0wq947-w",
        "https://play-lh.googleusercontent.com/eBnZ4Z3Kdk-wvh1_xetWLtEbf2n-HLoGAaolPtIzB89Uxh6HcZP7iGIvSIia-jNZTmo",
        "https://play-lh.googleusercontent.com/xYQQSP5_IYxo4KI2fmzqpscVZzhk3B-SUhfhVoEXmAVZttt8yYSs67jZsXLItTFOGw",
        "https://play-lh.googleusercontent.com/521L59ZPCbic-7AambLaKE4x3Mu0u0DUm2GdXVRzWjzLj-aR9zwQk6zqufb-c1lDYQ",
        "https://play-lh.googleusercontent.com/zPGKY7Xcgcl06wyOl1HTfpklXL5050ix9HQC-pZnzdrJ9A-wEjx1I8LTRNDucBjLfeSe",
        "https://play-lh.googleusercontent.com/HK2_uD4yuWJGSINA1Piv2sDN_MUN8XKtBTmFJ8vy4Un21ibkfaGSTlP2MItJoyedwl8",
        "https://play-lh.googleusercontent.com/_jncqHGytEI60B9DQrz_sTU2qw1GY8dIVJMAWXjHyzKSF-cJwLAOPblQv80p7hw48cky",
        "https://play-lh.googleusercontent.com/lUEZcj6_pUP6uXpstEXY7i1Vo-TkCDsffNuD6kGw7LULpz0WOSj-ZhXNEOsD9zYmWplT",
        "https://play-lh.googleusercontent.com/TZxFgk82skEXdc3u2VdWxDQgyNhzY5JnkBTq3Tm6bTJT132wygU45S946f8h16ZzIxML",
        "https://play-lh.googleusercontent.com/e7TLGIhTeaCNaq2M4p6ELCk0lLV1KUk1B0mZDOg5j4WVXXkv6SnNC51zeqZ7nvBV6A",
        "https://play-lh.googleusercontent.com/1u0sDRT_PlIy7z-fJnjrFONT-5DQgNybOJtpeHJSxr6jdY42ZK7MSBzTb5_GHW0b-Ms",
        "https://play-lh.googleusercontent.com/ex9qk6VKVOsY8OzRaaDhM0QnOp_dwWOJUCjfEvBQ0hQ2bG0XOVPSAPqz6UTwIPSgFLY"
    ],
    "video": null,
    "videoImage": null,
    "contentRating": "Teen",
    "contentRatingDescription": null,
    "adSupported": true,
    "containsAds": true,
    "released": "Jun 13, 2021",
    "updated": 1624316543,
    "version": "0.0.5",
    "recentChanges": "Melhorias na Home e página da comunidade",
    "recentChangesHTML": "Melhorias na Home e página da comunidade",
    "comments": [],
    "editorsChoice": false,
    "similarApps": [
        "com.kocowa.android.mobile"
    ],
    "moreByDeveloper": null,
    "appId": "com.horroru.app",
    "url": "https://play.google.com/store/apps/details?id=com.horroru.app&hl=en_US&gl=US"
}