{
    "title": "LOOPPY DOTS",
    "description": "LOOPPY DOTS is a puzzle game that uses traditionally styled cube puzzles in a 2D environment, for a fresh twist on a classic experience.\r\n\r\nMove the dots in a loop, matching their colors with their frames. \r\n\r\nFeatures\r\n-240 puzzles in all\r\n-Fun for all ages, from children to adults\r\n-Simple rules\r\n-Pleasantly engaging gameplay\r\n-Many color palettes",
    "descriptionHTML": "LOOPPY DOTS is a puzzle game that uses traditionally styled cube puzzles in a 2D environment, for a fresh twist on a classic experience.<br><br>Move the dots in a loop, matching their colors with their frames. <br><br>Features<br>-240 puzzles in all<br>-Fun for all ages, from children to adults<br>-Simple rules<br>-Pleasantly engaging gameplay<br>-Many color palettes",
    "summary": "Puzzle cube 2D",
    "summaryHTML": "Puzzle cube 2D",
    "installs": "10+",
    "minInstalls": 10,
    "score": 0,
    "ratings": null,
    "reviews": 0,
    "histogram": [
        0,
        0,
        0,
        0,
        0
    ],
    "price": 0,
    "free": true,
    "currency": "USD",
    "sale": false,
    "saleTime": null,
    "originalPrice": null,
    "saleText": null,
    "offersIAP": false,
    "inAppProductPrice": null,
    "size": "45M",
    "androidVersion": "4.1",
    "androidVersionText": "4.1 and up",
    "developer": "Masayoshi Teshima",
    "developerId": "Masayoshi+Teshima",
    "developerEmail": "nobaroid@gmail.com",
    "developerWebsite": null,
    "developerAddress": null,
    "privacyPolicy": "https://loopydots.blogspot.com",
    "developerInternalID": "8720787570924973261",
    "genre": "Puzzle",
    "genreId": "GAME_PUZZLE",
    "icon": "https://play-lh.googleusercontent.com/S5sq3yW2LRGJ25UWk8ZY8EX18LBbBDklDQGGVnucfFHJwq7Ub_9nmNr9qHyXOUGt6vk",
    "headerImage": "https://play-lh.googleusercontent.com/oMtj8KB9Bof--JOXLhWEiSw9Ua-cmJXUjzShuJRY6V9xWhNwizLO__6QxhNk-_HS4lCc",
    "screenshots": [
        "https://play-lh.googleusercontent.com/Bn08xqt3UVTBM-JTIPbRdiuNMHv_75FhzeDHOzdZmSnxhz5DpYeJXa7X396uuGVUIg8",
        "https://play-lh.googleusercontent.com/aHheOU4Ro8SFmGIRMz5LKALfx7RMD79_Irgxy8DvGbpNDuNZBlcS-goV_B0R_nZWNas",
        "https://play-lh.googleusercontent.com/BPAT40F2LaThYABpQjSzb8L_hj0hoMNa5wqR_J5nJX4nHIAtobejABUJOp-Z4WM56w",
        "https://play-lh.googleusercontent.com/IczHtPJarZ4tg-2nL2f6WaEvHIu15S9x4lCoAPnRSfdlqezjyJHA9Afn_Ciq3TWZ7no",
        "https://play-lh.googleusercontent.com/TJbGDFKM5uQwsYT-bdL8KIX9DRP-zoqQtWDHSABicscaG2Evkt5B-VhW9eWAeeG4Jw",
        "https://play-lh.googleusercontent.com/aipXaJemDgzxi8hICBJwPuTlfaYMVLmi6vrifzQhIas7UGucuvNFukqXrP8Rn8O6Jg",
        "https://play-lh.googleusercontent.com/s9HYijui1O32pKJjh6EU-SqQUzlO7l7CdPp7Q_MlrhSb45fLLjyKmNXcN92TiUCYAEg",
        "https://play-lh.googleusercontent.com/JPcPVSIS3T4eztAMN2vD8Y-j-z9i-mgY-W-BluX94Y2xfQIfvwu3gTCeQyc0hvDy9RM",
        "https://play-lh.googleusercontent.com/q9Rcw5GEVjVSYuLnqNhXFnfiRvhLGWjTwyWccBMGTflWOaFr8-gDkUWf55YmHARxL5QU",
        "https://play-lh.googleusercontent.com/Bzy3wViCUWyM3hRzbtDVNzBhs2gHZSxKEgMzIJ4Ww2CkTN6slPhXcj_TYY1logoY3uOS",
        "https://play-lh.googleusercontent.com/zCfWlPGTMli46z3C7hg1CHCqtlPf4lOVFMm4Eaq2IKNwW7Ayeo9yn_DX6D8jQBhcsaA",
        "https://play-lh.googleusercontent.com/T5_Vq-7B0cXjgEUhbInKZ4Bx7iHWNh933xW2UJCGs2RA4a3vh37_RHrmDZD3JeTfYh8",
        "https://play-lh.googleusercontent.com/r88DICLTtMrDe4P2SH_d0ePOx1JEV99UgQ9ZTlU3CHwXrQur1MqNVaCB8bc6fF5-pys",
        "https://play-lh.googleusercontent.com/8yQjUP_6LbnYasCSXE14JORNZD22cia7aqMLv0rKZwexAC8K_vMTVSjO3lL5lwhCa4cw",
        "https://play-lh.googleusercontent.com/C_VeUl6VhP6x2vR0vwavwVzs0stcLhhKJVNDWYIqWQ7yhL6xJi-GQWUuB-bSPcUDOLI"
    ],
    "video": null,
    "videoImage": null,
    "contentRating": "Everyone",
    "contentRatingDescription": null,
    "adSupported": true,
    "containsAds": true,
    "released": "Nov 17, 2019",
    "updated": 1574010968,
    "version": "1.0.1",
    "recentChanges": "First release.",
    "recentChangesHTML": "First release.",
    "comments": [],
    "editorsChoice": false,
    "similarApps": [
        "com.thomasbowker.lynerelease",
        "com.fullfat.dtd",
        "tk.aleksdev.hexamania.android",
        "com.logisk.oculux",
        "com.conceptispuzzles.dotapix"
    ],
    "moreByDeveloper": [
        "com.masasyoshi.testhima.SwattyHand"
    ],
    "appId": "com.masayoshi.teshima.LOOPPYDOTS",
    "url": "https://play.google.com/store/apps/details?id=com.masayoshi.teshima.LOOPPYDOTS&hl=en_US&gl=US"
}