{
    "title": "Bloki Block Puzzle Game",
    "description": "Bloki is a simple block puzzle game with minimalist design.\r\nRotate and place the blocks to eliminate lines.\r\nBombs will spawn randomly and countdown each turn, eliminate them before their timer reach 0.",
    "descriptionHTML": "Bloki is a simple block puzzle game with minimalist design.<br>Rotate and place the blocks to eliminate lines.<br>Bombs will spawn randomly and countdown each turn, eliminate them before their timer reach 0.",
    "summary": "Rotatable Blocks! A fun and relaxing block puzzle game.",
    "summaryHTML": "Rotatable Blocks! A fun and relaxing block puzzle game.",
    "installs": "1,000+",
    "minInstalls": 1000,
    "score": 0,
    "ratings": null,
    "reviews": 0,
    "histogram": [
        0,
        0,
        0,
        0,
        0
    ],
    "price": 0,
    "free": true,
    "currency": "USD",
    "sale": false,
    "saleTime": null,
    "originalPrice": null,
    "saleText": null,
    "offersIAP": false,
    "inAppProductPrice": null,
    "size": "39M",
    "androidVersion": "4.1",
    "androidVersionText": "4.1 and up",
    "developer": "HII KIING SHI",
    "developerId": "8215008916864785991",
    "developerEmail": "me@stanleyhks.com",
    "developerWebsite": "http://www.stanleyhks.com",
    "developerAddress": null,
    "privacyPolicy": "http://www.stanleyhks.com/bloki_about.html",
    "developerInternalID": "8215008916864785991",
    "genre": "Puzzle",
    "genreId": "GAME_PUZZLE",
    "icon": "https://play-lh.googleusercontent.com/knaFJbjuEsWf2EiCg7lQxpgLNfmYr8pTQa-eKcSxz0dwX6D-w7YAYrMdloKZv1pkcr5m",
    "headerImage": "https://play-lh.googleusercontent.com/YULcXmZdR3edPAMugjl0YyTScNwTR6FsPs4npwuT_HIkL-PEAjmk8YNOu_Lu3SrrEk8",
    "screenshots": [
        "https://play-lh.googleusercontent.com/KCNfpzu-8an7oyuu4tBlRPv3FlVs136CR1_XTBD7xRRfdMEmlB7PURJKcr1tDPDTrmej",
        "https://play-lh.googleusercontent.com/PrsyevOF8rVNsJf_IKsZcpGtbpMr2LkWFh59mwmBKEemvQ8O1p_ltrVsL5rLtEa0bT4",
        "https://play-lh.googleusercontent.com/Uudgu_G5nuPyOus6KRXIM8wB0yFUL-THpPZOgOMpCKpEEBK4n2Vt4zWbTtXStMCuXQ",
        "https://play-lh.googleusercontent.com/ybk_miHyvL2gAKLnHreRTd0YpmLCyYUTtP76MJxEm5TreUuyWlDwAyP58036-_17Uto"
    ],
    "video": "https://www.youtube.com/embed/jZbwixFkIOU?ps=play&vq=large&rel=0&autohide=1&showinfo=0",
    "videoImage": "https://play-lh.googleusercontent.com/YULcXmZdR3edPAMugjl0YyTScNwTR6FsPs4npwuT_HIkL-PEAjmk8YNOu_Lu3SrrEk8",
    "contentRating": "Everyone",
    "contentRatingDescription": null,
    "adSupported": true,
    "containsAds": true,
    "released": "May 27, 2019",
    "updated": 1561470579,
    "version": "1.4",
    "recentChanges": "General improvements and bug fixes.",
    "recentChangesHTML": "General improvements and bug fixes.",
    "comments": [
        "Great puzzle games"
    ],
    "editorsChoice": false,
    "similarApps": null,
    "moreByDeveloper": null,
    "appId": "com.stanleyhks.bloki",
    "url": "https://play.google.com/store/apps/details?id=com.stanleyhks.bloki&hl=en_US&gl=US"
}