{
    "title": "Homefield Credit Union Mobile",
    "description": "Homefield Mobile Banking allows you to check balances, view transaction history, transfer funds, and pay loans on the go!\r\n\r\nMore Features:\r\n- Secure Messaging for support",
    "descriptionHTML": "Homefield Mobile Banking allows you to check balances, view transaction history, transfer funds, and pay loans on the go!<br><br>More Features:<br>- Secure Messaging for support",
    "summary": "Homefield Mobile allows you to bank on the go!",
    "summaryHTML": "Homefield Mobile allows you to bank on the go!",
    "installs": "500+",
    "minInstalls": 500,
    "score": 3.3636363,
    "ratings": 11,
    "reviews": 9,
    "histogram": [
        3,
        1,
        1,
        1,
        5
    ],
    "price": 0,
    "free": true,
    "currency": "USD",
    "sale": false,
    "saleTime": null,
    "originalPrice": null,
    "saleText": null,
    "offersIAP": false,
    "inAppProductPrice": null,
    "size": "31M",
    "androidVersion": "4.4",
    "androidVersionText": "4.4 and up",
    "developer": "Homefield Credit Union",
    "developerId": "Homefield+Credit+Union",
    "developerEmail": "mobilegscu@gmail.com",
    "developerWebsite": "https://www.homefieldcu.com/",
    "developerAddress": null,
    "privacyPolicy": "https://www.homefieldcu.com/PRIVACY-BLOG-WHO-CAN-JOIN",
    "developerInternalID": "4939139008852823323",
    "genre": "Finance",
    "genreId": "FINANCE",
    "icon": "https://play-lh.googleusercontent.com/h1OTVADoVGjBI-UBP9uH8dhPZ5_OMQQX9EG3gwLeStNJboqZ4fj1s0xhjZK_tL25Kw",
    "headerImage": "https://play-lh.googleusercontent.com/_PQ-gK_Rbfu48DUdTxHK1FNYZ5oujh9Q8pFnlYsrBTEGrjb_fHA_tlDkd2S27vfS6g",
    "screenshots": [
        "https://play-lh.googleusercontent.com/q3qlEg6Z5fOFrwj8vyz5YFNBgwutqn6xiOQNpXlqRuVbvvWlaH0iQN_HyhxJNwOPGXY9",
        "https://play-lh.googleusercontent.com/laml98k_YLygz7yP-Fx3LW7lLLX4JSw5kvKniASDwSR0rNEVwUj861EbYYdeA2HL8vI",
        "https://play-lh.googleusercontent.com/bhsGsghG8RkDmGmyxtsy2vUMwyShnXX5IvwMks7amooFhDAiF1PiNPa4Tozm8I4AQGk",
        "https://play-lh.googleusercontent.com/xkogdqUdRY9x9NwAy5JOGLy5C43uhu3Ezhl1PBz-jZun2r1i_qQW8FV1lJCp8ogliQ"
    ],
    "video": null,
    "videoImage": null,
    "contentRating": "Everyone",
    "contentRatingDescription": null,
    "adSupported": null,
    "containsAds": false,
    "released": "Oct 1, 2017",
    "updated": 1620758026,
    "version": "4.25.105",
    "recentChanges": "Bug fixes",
    "recentChangesHTML": "Bug fixes",
    "comments": [
        "App is fine and mobile deposit works generally. There are times though that the app will say a deposit failed when in fact it went through. Then you can get in trouble when trying to deposit again.",
        "no fix for Samsung update yet",
        "App does not work on Android 9.",
        "It's been a positive experience. User friendly.",
        "it doesn't work on Android phones.",
        "Working again after over 2 months!!",
        "love it!",
        "Easy to use app plus more features. Works great!",
        "Love the upgrade!  The new features are totally awesome :)"
    ],
    "editorsChoice": false,
    "similarApps": [
        "com.cuamerica.cuamerica",
        "com.netfcu.netfcu",
        "com.usalliance.mobile",
        "com.hughesfcu.android",
        "com.ifs.banking.fiid8117"
    ],
    "moreByDeveloper": null,
    "appId": "com.softek.ofxclmobile.homefieldcu",
    "url": "https://play.google.com/store/apps/details?id=com.softek.ofxclmobile.homefieldcu&hl=en_US&gl=US"
}