{
    "title": "Massage Videos",
    "description": "This is massage videos app. It will bring to you the best massage therapy videos by master.\r\nIt’s simple and easy to use and it has a lot of massage videos: Thai massage, japan massage.\r\nWith these practices, you can try at home, do for everybody in your family.\r\nThere are a lot of different types: full body massge videos, foot massage, pregmancy massage…\r\nAfter install and try this app, please write a review to help us improve it in the future.\r\nIf you feel helpful, don’t forget share this massage videos app to your friends.\r\nThank you!",
    "descriptionHTML": "This is massage videos app. It will bring to you the best massage therapy videos by master.<br>It’s simple and easy to use and it has a lot of massage videos: Thai massage, japan massage.<br>With these practices, you can try at home, do for everybody in your family.<br>There are a lot of different types: full body massge videos, foot massage, pregmancy massage…<br>After install and try this app, please write a review to help us improve it in the future.<br>If you feel helpful, don’t forget share this massage videos app to your friends.<br>Thank you!",
    "summary": "Guide to relaxing your body.",
    "summaryHTML": "Guide to relaxing your body.",
    "installs": "10,000,000+",
    "minInstalls": 10000000,
    "score": 4.188119,
    "ratings": 41557,
    "reviews": 133,
    "histogram": [
        5777,
        2422,
        1211,
        745,
        31402
    ],
    "price": 0,
    "free": true,
    "currency": "USD",
    "sale": false,
    "saleTime": null,
    "originalPrice": null,
    "saleText": null,
    "offersIAP": false,
    "inAppProductPrice": null,
    "size": "14M",
    "androidVersion": "5.0",
    "androidVersionText": "5.0 and up",
    "developer": "TRN",
    "developerId": "TRN",
    "developerEmail": "louisfrank891@gmail.com",
    "developerWebsite": null,
    "developerAddress": null,
    "privacyPolicy": "https://pastebin.com/b4hyWZvC",
    "developerInternalID": "7644807917138896298",
    "genre": "Entertainment",
    "genreId": "ENTERTAINMENT",
    "icon": "https://play-lh.googleusercontent.com/9WJkXWr29dosLg4PSHCVgXw1-P-kpr2mCgDHkg6aR8660wScRntfSR_bcL_lAG1rSl1D",
    "headerImage": "https://play-lh.googleusercontent.com/wMTjN1A1jmKqt1fRrvoH9Q74jKs8bFEJU15o9HmjDQ9kUWDEru35WkkqGlP5rWydeg",
    "screenshots": [
        "https://play-lh.googleusercontent.com/Wh5ipqMWZOosIZBMJ9gjXQCSyqh6O1-iNMwK1nS_b-3AFq2YFwyH2aDli3r98r3vAwc",
        "https://play-lh.googleusercontent.com/55_YMyda8bmORLGSgOlIho9xjN9RLNQ8XxyS9pE4mw-Er2w-dZxQLu8-uVh-sFrJFxE"
    ],
    "video": null,
    "videoImage": null,
    "contentRating": "Mature 17+",
    "contentRatingDescription": "Sexual Themes",
    "adSupported": true,
    "containsAds": true,
    "released": "Dec 13, 2018",
    "updated": 1634749997,
    "version": "4.3",
    "recentChanges": "Edit ad",
    "recentChangesHTML": "Edit ad",
    "comments": [
        "What a great app..it drives you to see ads and nothing but the ads...its kinda new develop apps by a newly programmer..keep it up..perhaps you get rich by doing those..",
        "No stars it sucks it won't even load the start page or any other as far as that goes",
        "Great things to learn from it so as to make apply massages on others in an easier way.",
        "There is nothing in this application not a single video or clip uploaded i just uninstalled it after installing don't waste your time for this app go for some other app",
        "It doesn't work on my phone, it can't opened",
        "NO CONTENT BUT ADS! FAKE!!",
        "Sexy body is chopped fresh cilantro leaves to end up with a lot especially.",
        "poor app. no video to watch, just adds",
        "I cant open the app! When i open it, it jupm out-_-",
        "Poor appp, only ads",
        "excitement of the time and effort you put into",
        "its safe for my favorite movie and fast no logging",
        "Full of ads",
        "12 Youtube videos + lot's of adds. that's it.",
        "this is spam.. virus app never download this app..",
        "It is good for me thanks this application I would like to try this message videos",
        "useless App, I dont even know the use of this App, its should be deleted from the App Store",
        "Do not Disturb for 30 to 45 min.",
        "Don't waste your time..there are nothing",
        "It is nice to relax",
        "all I see is shaving videos with facial massages",
        "Bests and good..i like diish want",
        "Because it has not enough games",
        "Very very very very very very very bad & cheap",
        "Why make this app it is not start",
        "I really like this app",
        "Nice and sexcy send more videos",
        "Raju's from your DVR you are doing great and the other side of things to HDf3urse I love 😘💕😘 I love 💕😘 you are interested please contact us at our office at you earliest possible convenience and hi to HD wallpaper and hi cz h ki hi hogi to HDf3urse I have a good time and the second half to HDf3urse you are doing well in the future of our games are interested then you can get a new 🆕 you are not filtered you can get a new one and only you are interested and I will be able to HD wallpaper HD",
        "It's not working",
        "Xnxxtogetto8 thesametimeasanoptionforme,butthebest",
        "This app is noo good 0stars for me hahaha 😠😠😠😡😡😡😡🤬🤬🤬🤬",
        "I can't see the videos",
        "Bangkalloa bergoyang di bees karoke.",
        "Carlo Esguerra 1982 Carlo",
        "ear cleaning is not massage",
        "lee leee leeeee app myanmar translate",
        "Trash Doesn't do anything",
        "Ahm,good and nice massage",
        "No options nor browsing",
        "Good and nice"
    ],
    "editorsChoice": false,
    "similarApps": [
        "privatebrowser.videodownloader.downloadvideo.videoeditor",
        "com.messengerx",
        "com.box.video.downloader"
    ],
    "moreByDeveloper": [
        "com.videosgraciosos.bestfunnyvideos"
    ],
    "appId": "com.massagetherapy.bestmassagevideos",
    "url": "https://play.google.com/store/apps/details?id=com.massagetherapy.bestmassagevideos&hl=en_US&gl=US"
}