{
    "title": "Grubb's Pharmacy SE",
    "description": "Grubb's Pharmacy SE is an easy-to-use app that allows pharmacy customers to manage their entire family’s prescriptions, order refills and find pharmacy location information. \r\n\r\nCreating an account is easy. Just enter your last name and date of birth, along with any existing prescription number. Then, simply add all of your family members to your account for quick and easy access to all of their prescriptions. \r\n\r\nGrubb's Pharmacy SE is a free app for Android users. There is no charge to download or use the app.",
    "descriptionHTML": "Grubb&#39;s Pharmacy SE is an easy-to-use app that allows pharmacy customers to manage their entire family’s prescriptions, order refills and find pharmacy location information. <br><br>Creating an account is easy. Just enter your last name and date of birth, along with any existing prescription number. Then, simply add all of your family members to your account for quick and easy access to all of their prescriptions. <br><br>Grubb&#39;s Pharmacy SE is a free app for Android users. There is no charge to download or use the app.",
    "summary": "Grubb's Pharmacy SE is an easy-to-use refill application for their customers.",
    "summaryHTML": "Grubb&#39;s Pharmacy SE is an easy-to-use refill application for their customers.",
    "installs": "100+",
    "minInstalls": 100,
    "score": 0,
    "ratings": null,
    "reviews": 0,
    "histogram": [
        0,
        0,
        0,
        0,
        0
    ],
    "price": 0,
    "free": true,
    "currency": "USD",
    "sale": false,
    "saleTime": null,
    "originalPrice": null,
    "saleText": null,
    "offersIAP": false,
    "inAppProductPrice": null,
    "size": "76M",
    "androidVersion": "6.0",
    "androidVersionText": "6.0 and up",
    "developer": "PioneerRx, LLC",
    "developerId": "PioneerRx,+LLC",
    "developerEmail": "androiddev@pioneerrx.com",
    "developerWebsite": "http://www.pioneerrx.com",
    "developerAddress": null,
    "privacyPolicy": "https://patient.rxlocal.com/PrivacyPolicy",
    "developerInternalID": "5068483308821700718",
    "genre": "Medical",
    "genreId": "MEDICAL",
    "icon": "https://play-lh.googleusercontent.com/Zlpkv-0vjzReENpwgw2Khvq-ivlQqR0HiKfohFdRS8_UTLI5cQE_M6yXB7svB8iJgsI",
    "headerImage": "https://play-lh.googleusercontent.com/GCowtzGJQeggjpGP40jJzXmxaxi4SnlP4eq9DVHnRsolyglbEiQHvvET63R2ZcxVY5c",
    "screenshots": [
        "https://play-lh.googleusercontent.com/fDQlM1g6zGyCOS2zBjBfZu3doiplxNf2sH3yn56vAK1ov1zA3e8s0KOcO02gn3e--ro",
        "https://play-lh.googleusercontent.com/yg4yGmR0ClHpXaDjmA6efloG9QQUCm-gVDCM9hZ5xDf52eJNTSqP60sKzwriaT4HsxEq"
    ],
    "video": null,
    "videoImage": null,
    "contentRating": "Everyone",
    "contentRatingDescription": null,
    "adSupported": null,
    "containsAds": false,
    "released": "Jun 7, 2016",
    "updated": 1614791609,
    "version": "5.2.2",
    "recentChanges": "Minor Bug Fixes and Improvements\r\n",
    "recentChangesHTML": "Minor Bug Fixes and Improvements<br>",
    "comments": [],
    "editorsChoice": false,
    "similarApps": [
        "com.newtechsys.rxlocalmobile",
        "com.americaspharmacy.app",
        "io.pdcgs.buzzrxconsumer",
        "com.wellrx",
        "com.digitalpharmacist.rxpharmacy"
    ],
    "moreByDeveloper": [
        "com.newtechsys.rxlocalmobile",
        "com.pioneerrx.rxlocal.apothecarepharmacy",
        "com.pioneerrx.rxlocal.realo",
        "com.pioneerrx.rxlocal.axlinepharmacy",
        "com.newtechsys.Mobile.Employee.Xamarin"
    ],
    "appId": "com.pioneerrx.rxlocal.grubbspharmacyse",
    "url": "https://play.google.com/store/apps/details?id=com.pioneerrx.rxlocal.grubbspharmacyse&hl=en_US&gl=US"
}