{
    "title": "무비랑",
    "description": "◇ 영화와 애니를 통한 쉽고 재미있는 외국어학습!\r\n\r\n◇ 전자신문 신소프트웨어 추천작 선정!\r\n\r\n◇ 정부공인 GS인증 획득!\r\n\r\n◇ 무비랑 특허청 서비스표 등록!\r\n\r\n◇ 영화, 애니 등 500여편 서비스!\r\n\r\n◇ 모바일, 태블릿PC, PC 모두에서 언제어디서나 학습!\r\n\r\n\r\n\r\n[외국어 학습은 왜 '무비랑'인가?]\r\n\r\n1. 보고, 듣고, 읽고, 쓰고, 따라 하는 입체적 학습!\r\n\r\n2. 지루한 외국어 공부는 가라! 흥미진진한 학습자료로 공부에 대한 재미를 한층 더 UP!\r\n\r\n3. 실생활에서 바로 사용할 수 있는 영화 속 살아있는 LIVE 회화! \r\n\r\n4. 음성 파일 및 교재용 대본을 무료로 제공함으로써 영화 속 대본을 언제, 어디서나 스마트하게!\r\n\r\n5. 학습에 필요한 모든 것이 하나로! 사용자 편의에 최적화된 만능 무비랑 플레이어!\r\n\r\n\r\n▷ 홈페이지: www.MovieLang.co.kr\r\n▷ 문의 : 1544-3634\r\n▷ 이메일: edu@languagetown.com\r\n▷ 개발: (주)유비윈\r\n----\r\n개발자 연락처 :\r\n1544-3634",
    "descriptionHTML": "◇ 영화와 애니를 통한 쉽고 재미있는 외국어학습!<br><br>◇ 전자신문 신소프트웨어 추천작 선정!<br><br>◇ 정부공인 GS인증 획득!<br><br>◇ 무비랑 특허청 서비스표 등록!<br><br>◇ 영화, 애니 등 500여편 서비스!<br><br>◇ 모바일, 태블릿PC, PC 모두에서 언제어디서나 학습!<br><br><br><br>[외국어 학습은 왜 &#39;무비랑&#39;인가?]<br><br>1. 보고, 듣고, 읽고, 쓰고, 따라 하는 입체적 학습!<br><br>2. 지루한 외국어 공부는 가라! 흥미진진한 학습자료로 공부에 대한 재미를 한층 더 UP!<br><br>3. 실생활에서 바로 사용할 수 있는 영화 속 살아있는 LIVE 회화! <br><br>4. 음성 파일 및 교재용 대본을 무료로 제공함으로써 영화 속 대본을 언제, 어디서나 스마트하게!<br><br>5. 학습에 필요한 모든 것이 하나로! 사용자 편의에 최적화된 만능 무비랑 플레이어!<br><br><br>▷ 홈페이지: www.MovieLang.co.kr<br>▷ 문의 : 1544-3634<br>▷ 이메일: edu@languagetown.com<br>▷ 개발: (주)유비윈<br>----<br>개발자 연락처 :<br>1544-3634",
    "summary": "▷ easy and fun learning foreign languages ​​through movies and Annie!\r\n▷ movies, 500 yeopyeon services, Annie!",
    "summaryHTML": "▷ easy and fun learning foreign languages ​​through movies and Annie!<br>▷ movies, 500 yeopyeon services, Annie!",
    "installs": "5,000+",
    "minInstalls": 5000,
    "score": 0,
    "ratings": null,
    "reviews": 0,
    "histogram": [
        0,
        0,
        0,
        0,
        0
    ],
    "price": 0,
    "free": true,
    "currency": "USD",
    "sale": false,
    "saleTime": null,
    "originalPrice": null,
    "saleText": null,
    "offersIAP": false,
    "inAppProductPrice": null,
    "size": "3.5M",
    "androidVersion": "4.0",
    "androidVersionText": "4.0 and up",
    "developer": "UBwin Inc.",
    "developerId": "UBwin+Inc.",
    "developerEmail": "app@ubwin.co.kr",
    "developerWebsite": "http://www.languagetown.com",
    "developerAddress": "서울특별시 종로구 종로 413 동보빌딩 3층",
    "privacyPolicy": null,
    "developerInternalID": "7682863247867457215",
    "genre": "Education",
    "genreId": "EDUCATION",
    "icon": "https://play-lh.googleusercontent.com/Q0m2eraxiDwCcWV2oOtj1CDGuPsJxPNan_KhHye0Dhz2sIN_6DFaYn5vVwy-LhWZDHwB",
    "headerImage": "https://play-lh.googleusercontent.com/kYJDnxGTW3HFvyT9gAkPwwsdo-hnf6gqcPIRM5VRvxB2rsHGp_7rx6ttNm5ljhBG_cM",
    "screenshots": [
        "https://play-lh.googleusercontent.com/KAxWRDCZfipe2cWrrA6_w5Aldg-NenpPYLlJRPqPoUXSVcZ8oQOAKUagXN9NdIayLQ",
        "https://play-lh.googleusercontent.com/-tstcdMGZ8eWhWfSi7sDP082w4LqpOUtvAqiwpceX-mBRnk76zki2oxOVy4-zm-wwkc",
        "https://play-lh.googleusercontent.com/BOnOlm4LR3bGRYOwIThiupCQU3LOCRY_ydMp3jNpI3-E28TnYZB34fi5CnUiJZQtHg",
        "https://play-lh.googleusercontent.com/Iv5ZX-CEwLJyXNzCf7-vorMd76e2-O1d-IpTbjI4edjXBYqW8OcpSzvnLMDhW0h44yXI",
        "https://play-lh.googleusercontent.com/ljOFT4tcNMVkjkTUae_zf5VRhLfslOqWokU1DLEBIdpKmj4_NS_IvOK-hL2bp_iEivgh",
        "https://play-lh.googleusercontent.com/A5NMt-9-f4wsG4NizDlaewJ0pRJ3XaLuIrK8wojAEW25yu5ZWzBkSgkRaX-XauUs8-A"
    ],
    "video": "https://www.youtube.com/embed/_tc2PkVfNDg?ps=play&vq=large&rel=0&autohide=1&showinfo=0",
    "videoImage": "https://play-lh.googleusercontent.com/kYJDnxGTW3HFvyT9gAkPwwsdo-hnf6gqcPIRM5VRvxB2rsHGp_7rx6ttNm5ljhBG_cM",
    "contentRating": "Everyone",
    "contentRatingDescription": null,
    "adSupported": null,
    "containsAds": false,
    "released": "Jan 13, 2016",
    "updated": 1522729921,
    "version": "1.0.4",
    "recentChanges": "- 랭귀지타운 서비스(사이버어학원, 무비랑, 지식센터, 쇼핑) 연동",
    "recentChangesHTML": "- 랭귀지타운 서비스(사이버어학원, 무비랑, 지식센터, 쇼핑) 연동",
    "comments": [],
    "editorsChoice": false,
    "similarApps": [
        "com.iplateia.survey.real_live_app"
    ],
    "moreByDeveloper": [
        "com.ubiwin.mindwiz",
        "com.ubwin.mindwiz",
        "com.ubiwin.shop",
        "com.ubiwin.cyber"
    ],
    "appId": "com.ubiwin.movie",
    "url": "https://play.google.com/store/apps/details?id=com.ubiwin.movie&hl=en_US&gl=US"
}