{
    "title": "천사티비-드라마 다시보기/tv",
    "description": "1. 드라마다시보기 \r\n2. 예능다시보기 \r\n3. 미드다시보기\r\n4. 티비다시보기\r\n5. 영화다시보기\r\n6. tv앱 순위 리스트 제공\r\n7. 해당앱은 저작권 자료를 직접 제공하지않으며,\r\n제휴사를 통해 서비스를 제공합니다.",
    "descriptionHTML": "1. 드라마다시보기 <br>2. 예능다시보기 <br>3. 미드다시보기<br>4. 티비다시보기<br>5. 영화다시보기<br>6. tv앱 순위 리스트 제공<br>7. 해당앱은 저작권 자료를 직접 제공하지않으며,<br>제휴사를 통해 서비스를 제공합니다.",
    "summary": "Free app \"Angel TV\" ✔ Movies ✔ Enjoy TV broadcasting!",
    "summaryHTML": "Free app &quot;Angel TV&quot; ✔ Movies ✔ Enjoy TV broadcasting!",
    "installs": "50,000+",
    "minInstalls": 50000,
    "score": 0,
    "ratings": null,
    "reviews": 0,
    "histogram": [
        0,
        0,
        0,
        0,
        0
    ],
    "price": 0,
    "free": true,
    "currency": "USD",
    "sale": false,
    "saleTime": null,
    "originalPrice": null,
    "saleText": null,
    "offersIAP": false,
    "inAppProductPrice": null,
    "size": "4.3M",
    "androidVersion": "4.0.3",
    "androidVersionText": "4.0.3 and up",
    "developer": "hani-app",
    "developerId": "hani-app",
    "developerEmail": "hani3@inbox.lv",
    "developerWebsite": null,
    "developerAddress": null,
    "privacyPolicy": null,
    "developerInternalID": "9174191392671512242",
    "genre": "Entertainment",
    "genreId": "ENTERTAINMENT",
    "icon": "https://play-lh.googleusercontent.com/0Gea9Qk2WDm9ymButYdyqsZv3D_r1qeVTf_PnY5cwYjgeKiGEEZxR22DQZ1aUJIE3qQ",
    "headerImage": "https://play-lh.googleusercontent.com/W8_m9dPnUGhEg4RVDKVx36cYng1Y0368aMbO97wTH7tJ6isDqUuaKwLcu20oMVxXVw",
    "screenshots": [
        "https://play-lh.googleusercontent.com/1sR867k4hhy-P_LOcSzTQ4-npaDzmYwApdxxBqb5bJvWNKrzEzp--AWZT3-secA5c3Y",
        "https://play-lh.googleusercontent.com/E-OdEgSpe6xcBBkngM5QivZGxpH3f_-1gdXMTQMW2I02D4Wp00sCeeNTs-XzrXaXrro",
        "https://play-lh.googleusercontent.com/dOG1D9xhsIzZa9mMlN3Ud0vTV31gQpqJ-5uz3C0TPCAHGOERhRX17kbP_DzzaOzuaBgS",
        "https://play-lh.googleusercontent.com/hbYUlZgV5zMSJQ0_gHj150PzmoutaDeL0KvznIMKB5Gzg3svza2w8YPSZLLzBckGWdHA",
        "https://play-lh.googleusercontent.com/zOj3QSmA46DIC8thEJ0rAnLMg01WJHrlRHFaxGbfWBrFZMVEQryGj5hcKK5f0qrGSvzV",
        "https://play-lh.googleusercontent.com/Pz_mXYkEc8eCfS2qe8zLjQ363CrN2k5M0UYyvsHCngVLoqfHYwpdk5GFR_CchcLBiZI"
    ],
    "video": null,
    "videoImage": null,
    "contentRating": "Everyone",
    "contentRatingDescription": null,
    "adSupported": true,
    "containsAds": true,
    "released": null,
    "updated": 1600146191,
    "version": "5.0",
    "recentChanges": null,
    "recentChangesHTML": null,
    "comments": [],
    "editorsChoice": false,
    "similarApps": null,
    "moreByDeveloper": null,
    "appId": "com.angelseries.angeltv",
    "url": "https://play.google.com/store/apps/details?id=com.angelseries.angeltv&hl=en_US&gl=US"
}