{
    "title": "Taste Bar + Kitchen",
    "description": "Your ideal meal is just a few taps away. Download the Taste Bar + Kitchen app free today.\r\n\r\nWith the Taste Bar + Kitchen mobile app, ordering food has never been easier. Whether you're looking for a quick snack or a full meal, we've got you covered. Just browse our easy-to-use menu, customize it how you'd like, place your order using our secure payment system, and sit back! A push notification will alert you when your order will be ready.\r\n\r\nWith the Taste Bar + Kitchen app, you can:\r\n• Browse our menu for your favorite dishes and customize them how you'd like\r\n• Save your delivery addresses and payment methods securely to check out in just a few taps\r\n• Place future food orders up to seven days in advance\r\n• Get restaurant location, hours, and contact information",
    "descriptionHTML": "Your ideal meal is just a few taps away. Download the Taste Bar + Kitchen app free today.<br><br>With the Taste Bar + Kitchen mobile app, ordering food has never been easier. Whether you&#39;re looking for a quick snack or a full meal, we&#39;ve got you covered. Just browse our easy-to-use menu, customize it how you&#39;d like, place your order using our secure payment system, and sit back! A push notification will alert you when your order will be ready.<br><br>With the Taste Bar + Kitchen app, you can:<br>• Browse our menu for your favorite dishes and customize them how you&#39;d like<br>• Save your delivery addresses and payment methods securely to check out in just a few taps<br>• Place future food orders up to seven days in advance<br>• Get restaurant location, hours, and contact information",
    "summary": "The Taste Bar + Kitchen app is the easiest way to order!",
    "summaryHTML": "The Taste Bar + Kitchen app is the easiest way to order!",
    "installs": "100+",
    "minInstalls": 100,
    "score": 0,
    "ratings": null,
    "reviews": 0,
    "histogram": [
        0,
        0,
        0,
        0,
        0
    ],
    "price": 0,
    "free": true,
    "currency": "USD",
    "sale": false,
    "saleTime": null,
    "originalPrice": null,
    "saleText": null,
    "offersIAP": false,
    "inAppProductPrice": null,
    "size": "23M",
    "androidVersion": "6.0",
    "androidVersionText": "6.0 and up",
    "developer": "ChowNow",
    "developerId": "ChowNow",
    "developerEmail": "eng-android@chownow.com",
    "developerWebsite": null,
    "developerAddress": null,
    "privacyPolicy": "http://www.chownow.com/privacy-policy",
    "developerInternalID": "7397623836034678954",
    "genre": "Food & Drink",
    "genreId": "FOOD_AND_DRINK",
    "icon": "https://play-lh.googleusercontent.com/JJ609qDWC6kWNQWPNvCRDP8zJ86ubIbWpFgUfBORZDYj0WTY9x3FJpnLBxFj2t4zXvM",
    "headerImage": "https://play-lh.googleusercontent.com/44586xguU9cjy6l8UEWDEKnG6xU8CdrqHs7sSBfhG7TUzr5UjWO0qUZ6MXFtthuWQvH0",
    "screenshots": [
        "https://play-lh.googleusercontent.com/GeTxskBFWLvUsdcVq3ofQhn3fi9iFbZ48Ku2yTn_lamb3jPFH6mabBmqDyvRrz497UpF",
        "https://play-lh.googleusercontent.com/E1N5q-KkzDzEi1Q9KYi17i7JSCDwGNGAZ2DlYGFyzen4CseewclbXId3eizuG1ixZmU",
        "https://play-lh.googleusercontent.com/1sq1CZwTfjkbYCjYkvV2aKrryx5cLNseoGKdSyTRKnkF067A36Hyme1E9t8lFKyMPQ",
        "https://play-lh.googleusercontent.com/zUTX9Av2Gg6cSLWRJxNoX3GSU-a0X-cp7Qilb_HGyzqOzmWG99xsGcP0BgzW0Rei9Xc"
    ],
    "video": null,
    "videoImage": null,
    "contentRating": "Everyone",
    "contentRatingDescription": null,
    "adSupported": null,
    "containsAds": false,
    "released": "Dec 31, 2020",
    "updated": 1635418193,
    "version": "3.9.1",
    "recentChanges": "Our new-and-improved mobile app is here! With our upgraded interface and redesigned menu, ordering is easier and faster than ever. Find what you're craving in just a few taps!\r\n\r\nDon't forget to order your favorites again and again with easy-to-access order history and securely stored account information.",
    "recentChangesHTML": "Our new-and-improved mobile app is here! With our upgraded interface and redesigned menu, ordering is easier and faster than ever. Find what you&#39;re craving in just a few taps!<br><br>Don&#39;t forget to order your favorites again and again with easy-to-access order history and securely stored account information.",
    "comments": [],
    "editorsChoice": false,
    "similarApps": [
        "com.darden.mobile.yardhouse",
        "com.wahlburgers.app",
        "com.chownow.discover",
        "com.darden.mobile.cheddars",
        "com.ionicframework.eatokra167593"
    ],
    "moreByDeveloper": [
        "com.chownow.discover",
        "com.chownow.cheesesteakfactory",
        "com.chownow.awrestaurants",
        "com.chownow.summermooncoffee",
        "com.chownow.thetoastedyolkcafe"
    ],
    "appId": "com.chownow.tastebarkitchen",
    "url": "https://play.google.com/store/apps/details?id=com.chownow.tastebarkitchen&hl=en_US&gl=US"
}