{
    "title": "LHUB LXP",
    "description": "LHUB LXP aims to be a strategic Lifelong Learning Platform to help Singapore’s workforce stay relevant and competitive.\r\n\r\nWith LHUB LXP, transform yourself anytime, anywhere — the mobile application offers limitless learning at your fingertips! \r\n\r\nIn addition to online learning, LHUB LXP also serves as a platform for jobs and skills development for both workers and companies.",
    "descriptionHTML": "LHUB LXP aims to be a strategic Lifelong Learning Platform to help Singapore’s workforce stay relevant and competitive.<br><br>With LHUB LXP, transform yourself anytime, anywhere — the mobile application offers limitless learning at your fingertips! <br><br>In addition to online learning, LHUB LXP also serves as a platform for jobs and skills development for both workers and companies.",
    "summary": "Interactive learning platform",
    "summaryHTML": "Interactive learning platform",
    "installs": "1,000+",
    "minInstalls": 1000,
    "score": 0,
    "ratings": null,
    "reviews": 0,
    "histogram": [
        0,
        0,
        0,
        0,
        0
    ],
    "price": 0,
    "free": true,
    "currency": "USD",
    "sale": false,
    "saleTime": null,
    "originalPrice": null,
    "saleText": null,
    "offersIAP": false,
    "inAppProductPrice": null,
    "size": "33M",
    "androidVersion": "5.0",
    "androidVersionText": "5.0 and up",
    "developer": "NTUC Enterprise",
    "developerId": "7250709171930620977",
    "developerEmail": "lxp-support@ntuclearninghub.com",
    "developerWebsite": "https://www.ntuclearninghub.com/lxp",
    "developerAddress": "1 Marina Boulevard, #15-09\nOne Marina Boulevard,\nSingapore 018989",
    "privacyPolicy": "https://www.ntuclearninghub.com/personal-data-and-privacy-statement",
    "developerInternalID": "7250709171930620977",
    "genre": "Education",
    "genreId": "EDUCATION",
    "icon": "https://play-lh.googleusercontent.com/wnKUbnNH5DMqBAl63U5HcZ2QCqOf7IUisW6RxCPr7O7Gi9Kj7MSkz9h9WdY6HIFM4G6a",
    "headerImage": "https://play-lh.googleusercontent.com/Yb_LV-tdhLbDgsIU9bEoLSwXFZwDrro6jGu2vZRrXQCvPCtsDl-UNOuZ9l8roPnED-M",
    "screenshots": [
        "https://play-lh.googleusercontent.com/LGM_BmzwaSMbBK7zYe_Nftbc2l_HhXyLEw0629oBy8pce1cPBhC7V1fzDhnLBUh9iNaM",
        "https://play-lh.googleusercontent.com/EHrO4t89M0dGf4-bboIn6TAzSN--fGCCXjgal2sQhZBFkbsHUA-6NKf3rj4TY6NyZVE",
        "https://play-lh.googleusercontent.com/iaRlt5zULgROKYzhGGT9282Zc6Y2whDwV6V9MTdUgUYuu5v3kR74gar-Z4xvHZjFvR8R",
        "https://play-lh.googleusercontent.com/ruarBe8A54rfhR3v_sKPmDhDt_u-ca2NLPymcwpYvJVuNDQV0L4Rk01tB6FFfTLJpsOf",
        "https://play-lh.googleusercontent.com/2WIJt__KQxRRg8iInNMcDVw7myq1EAjRaQj9QXWFIbOGahlXdoTFq1xOWm6r61e4Bnkj",
        "https://play-lh.googleusercontent.com/N5jLOJeIA5ctX7PPUFsDXt2JXR31iXFVB13qrDOH-dbi25gZlN3Tdp72TKJCD_HTvQ"
    ],
    "video": null,
    "videoImage": null,
    "contentRating": "Everyone",
    "contentRatingDescription": null,
    "adSupported": null,
    "containsAds": false,
    "released": "Sep 8, 2021",
    "updated": 1642515257,
    "version": "1.4.1",
    "recentChanges": "Bug fixes and improvements.",
    "recentChangesHTML": "Bug fixes and improvements.",
    "comments": [
        "Poorly conceived application. Registration redirected to webpage and course info cannot be viewed. All that can be done is view course titles (not course description, or even course dates can be seen). Disappointed that NTUC released such application.",
        "This is an absolutly important app for the workers by the workers. Delightful interface with wide range of courses. Upskill, retrain and learn new skills. Excellent!",
        "Kindly make this as a full application and not Web based application. I'm unable to view what are the online courses I've enrolled because everytime I search and click on the course video, it will redirect me to browser. It does not reflect in my application",
        "I am a PAID LHUB user before this weird app going on and i am unable to login at all! Please refund my subscription!!",
        "Can't apply for course. Kept on leading me back to membership page.",
        "Can't even register by using personal email",
        "I am unable to access the courses after paying. Kept bringing me back to the home page. What is going on NTUC?",
        "Useless uninstalled. No information on the course, keep launch the website to subscribe."
    ],
    "editorsChoice": false,
    "similarApps": [
        "com.vokal.fooda",
        "com.rcPatient",
        "com.ps.bt",
        "com.nestia.sg.transport",
        "com.staffany.pixie"
    ],
    "moreByDeveloper": null,
    "appId": "com.sg.lhub.lxp",
    "url": "https://play.google.com/store/apps/details?id=com.sg.lhub.lxp&hl=en_US&gl=US"
}