{
    "title": "Where's Balldo?",
    "description": "Balldo has gone missing - frozen in fear in and feeling out of place.\r\n\r\nTest your attention to detail skills and search for Balldo before the timer runs out.\r\n\r\nWhere's Balldo is a hidden object game that's fun to play alone or with friends. The goal of the game is to find the only stationary ball.\r\n\r\n- Endless gameplay\r\n- Four phases\r\n- Increasingly harder\r\n\r\nWhere's Balldo is a hybrid app, developed with web languages, such as HTML, CSS, and JavaScript.",
    "descriptionHTML": "Balldo has gone missing - frozen in fear in and feeling out of place.<br><br>Test your attention to detail skills and search for Balldo before the timer runs out.<br><br>Where&#39;s Balldo is a hidden object game that&#39;s fun to play alone or with friends. The goal of the game is to find the only stationary ball.<br><br>- Endless gameplay<br>- Four phases<br>- Increasingly harder<br><br>Where&#39;s Balldo is a hybrid app, developed with web languages, such as HTML, CSS, and JavaScript.",
    "summary": "Help Balldo find his way home in this baller hidden object game.",
    "summaryHTML": "Help Balldo find his way home in this baller hidden object game.",
    "installs": "100+",
    "minInstalls": 100,
    "score": 0,
    "ratings": null,
    "reviews": 0,
    "histogram": [
        0,
        0,
        0,
        0,
        0
    ],
    "price": 0,
    "free": true,
    "currency": "USD",
    "sale": false,
    "saleTime": null,
    "originalPrice": null,
    "saleText": null,
    "offersIAP": false,
    "inAppProductPrice": null,
    "size": "Varies with device",
    "androidVersion": "4.1",
    "androidVersionText": "4.1 and up",
    "developer": "Anaphylactic Applications",
    "developerId": "Anaphylactic+Applications",
    "developerEmail": "support@anaphylacticapps.com",
    "developerWebsite": "http://www.anaphylacticapps.com",
    "developerAddress": "Canada",
    "privacyPolicy": null,
    "developerInternalID": "7202681541928141274",
    "genre": "Casual",
    "genreId": "GAME_CASUAL",
    "icon": "https://play-lh.googleusercontent.com/j6S1Bmy1cOueyT7PTTFVlNlCT2pEz2GNTZtedaq2W5Zrk8w52-SAxnXn_n2N1HGw6ac",
    "headerImage": "https://play-lh.googleusercontent.com/hfBsb0JIwj31PgW1jVff0-8APIT9MKCCpqgNraNk41-4O13fYSD8S8_Kuq_macrweF7L",
    "screenshots": [
        "https://play-lh.googleusercontent.com/VaNFVGWbifea5MTaCQc5TOxyerkua4U3YoegPw_23ibgA-hCdhp-Vh4PjrIaIJmvdA",
        "https://play-lh.googleusercontent.com/UfyijPMuNT_7YAko3-Ghb1mOoitiC5skUYH0E6wg_6EXBSA6KtiULroYTko7X22hGbs",
        "https://play-lh.googleusercontent.com/dCGBL8zYRnN5H47eP1Jqx45SuO5VVLcWXKcV_AcvZVnbVyd8tM_LOMo4cO-EpiadplA",
        "https://play-lh.googleusercontent.com/U2-XY28hpkHuTSwU-9hGc_VfGHofHKl8IdXtXmD_Yc9X54YsHb2pMk5cl4fcFTPERmE",
        "https://play-lh.googleusercontent.com/Cy0EYYpy5qsliUDL5-Ddt31VEzO7GQ83_c4-yru1vC3G9JWMxvf0q49DEz7NIT2qSB5a",
        "https://play-lh.googleusercontent.com/mWlRsY4VaFdBnNl8FxWlnpeaWXQwlMak3nU3RDl9ylryudQiaASRFM7YVjcgTFcd8Q",
        "https://play-lh.googleusercontent.com/X_qAbtbgfwk6kHMXT02obWYracNQQ0TgPpCb2zqiPn1WJbpsP8bqdxHqQZm_p1MhOKU",
        "https://play-lh.googleusercontent.com/T2AxsRwYtStLA-HmIhPZv_jzyPJrLen1hvTYLGfoWVD7QzuM_odK3EvIieBhvY7mA6A",
        "https://play-lh.googleusercontent.com/goklNpl1QczlwcVmA2ZlS8jm40sdIIGLI-booDlasUD5K48SWcx9t7kIZ9sbcnReXAax",
        "https://play-lh.googleusercontent.com/C2VOfMz3RIdeT0kAIBtJ67aJAKCnCluLB237z30ELp2Xy_4TWH5tB0N7LnssDKuutHI",
        "https://play-lh.googleusercontent.com/dGWeq7KjvHbYPCmP-TAEe29j9B_HaTGIBtEu33pBHtmVGXrniEj-rUSw8e_gVZVXGqo",
        "https://play-lh.googleusercontent.com/t66N1ia3TvCd6iYHcUNQco5mxKGvVYokRDYai0x1S-fh2DGlgWnj1uUJccOVa1L5Iw",
        "https://play-lh.googleusercontent.com/xiyixnkY85jqalCcn5J8djdZKNkE4EjMJkelc2xHXKtimPnOpFHTZfHslrvR7dWdvgs",
        "https://play-lh.googleusercontent.com/pCZpA3_iPLL93bDdwCfo5EXcSOY_CoC_BfvWzQd_5NDhbWJ78nT8KnY7hTdGemhhgz0",
        "https://play-lh.googleusercontent.com/CkOEsPM1ykwoMetX0EBU936ffpiM-0wFUNjj_d3UuBgl2OY1pFrRQgiVnP455qPE1Fk"
    ],
    "video": null,
    "videoImage": null,
    "contentRating": "Everyone",
    "contentRatingDescription": null,
    "adSupported": true,
    "containsAds": true,
    "released": "May 21, 2016",
    "updated": 1464900990,
    "version": "1.2",
    "recentChanges": "- Bug fixes\r\n- Added highest level reached\r\n- Added time restrictions per level",
    "recentChangesHTML": "- Bug fixes<br>- Added highest level reached<br>- Added time restrictions per level",
    "comments": [
        "I find this game intriguing, entertaining, and cognitively stimulating. Certainly, research has shown similar paradigms to those tested herein helping increase executive functions. Executive functions are the mental processes that enable us to plan, focus attention, filter distractions, and are integral to self-regulation. Moreover, all of the aforementioned tasks are crucial for learning and development. Thank you for melding entertainment and development.",
        "Fun game, type of game where you just want to play another round. Reddit brought me here so good marketing techniques to the developer and a great finished product!! Inspired me to carry on working on my coding projects haha",
        "Found your game on reddit. Your story's an inspiration. I found the levels where the balls are all one color to actually be easier than the earlier levels. Fun game though.",
        "Really cool concept!",
        "Really cool idea! I had lots of fun racing to find Balldo before my friends did!",
        "This game is hands down the best game I've ever seen.",
        "I really like this game. It's simple but really fun and challenging. I find I've gotten a lot quicker at scanning and finding the balls!",
        "A nice simple hybrid game.",
        "Awesomeness!!"
    ],
    "editorsChoice": false,
    "similarApps": [
        "se.filimundus.inventioneersfull",
        "com.netictech.scottiegoedu",
        "com.blitwise.puzzle",
        "com.adveractive.game.justjumbledroid"
    ],
    "moreByDeveloper": [
        "com.anaphylacticapps.circlestatus",
        "com.anaphylacticapps.fourfactors"
    ],
    "appId": "com.anaphylacticapps.wheresballdo",
    "url": "https://play.google.com/store/apps/details?id=com.anaphylacticapps.wheresballdo&hl=en_US&gl=US"
}