{
    "title": "Create Piano Tiles Musical Feast Premium",
    "description": "Our game, in which we go beyond the classical piano games and combine different instruments and animal sounds, is with you. Whether you play with cat voice or dog voice!\r\nEnjoy the fun with rich content. Play with the notes you have created or have fun with ready-made music. Unlock new characters with the points you collect and play.\r\n🐈 Animal sounds\r\n 🐈 Cat\r\n 🐦 Bird\r\n 🐶 dog\r\n🐈 Instruments\r\n 🐈 Piano\r\n 🐈 Xilephone\r\n 🐈 guitar\r\n 🐈 Drum\r\n 🐈 sprat\r\n 🐈 Saxophone\r\n 🐈 Snare drum\r\n 🐈 Harp\r\n 🐈 Accordion\r\n🐈 Stock music\r\n🐈 Enjoy the fun with 24 different funny buttons and background images!\r\nMagic touches await you with the effects of the buttons.",
    "descriptionHTML": "Our game, in which we go beyond the classical piano games and combine different instruments and animal sounds, is with you. Whether you play with cat voice or dog voice!<br>Enjoy the fun with rich content. Play with the notes you have created or have fun with ready-made music. Unlock new characters with the points you collect and play.<br>🐈 Animal sounds<br> 🐈 Cat<br> 🐦 Bird<br> 🐶 dog<br>🐈 Instruments<br> 🐈 Piano<br> 🐈 Xilephone<br> 🐈 guitar<br> 🐈 Drum<br> 🐈 sprat<br> 🐈 Saxophone<br> 🐈 Snare drum<br> 🐈 Harp<br> 🐈 Accordion<br>🐈 Stock music<br>🐈 Enjoy the fun with 24 different funny buttons and background images!<br>Magic touches await you with the effects of the buttons.",
    "summary": "How would you like to quit the classical piano games and try this rich game?",
    "summaryHTML": "How would you like to quit the classical piano games and try this rich game?",
    "installs": "1+",
    "minInstalls": 1,
    "score": 0,
    "ratings": null,
    "reviews": 0,
    "histogram": [
        0,
        0,
        0,
        0,
        0
    ],
    "price": 1.99,
    "free": false,
    "currency": "USD",
    "sale": false,
    "saleTime": null,
    "originalPrice": null,
    "saleText": null,
    "offersIAP": false,
    "inAppProductPrice": null,
    "size": "45M",
    "androidVersion": "4.4",
    "androidVersionText": "4.4 and up",
    "developer": "EYPONR GAMES EYÜP ÖNER",
    "developerId": "6440564140276616378",
    "developerEmail": "eyponr65@gmail.com",
    "developerWebsite": "https://eyponr.blogspot.com/ads.txt",
    "developerAddress": "eyponr@gmail.com",
    "privacyPolicy": "https://eyponr.blogspot.com/",
    "developerInternalID": "6440564140276616378",
    "genre": "Music",
    "genreId": "GAME_MUSIC",
    "icon": "https://play-lh.googleusercontent.com/JuK-2pl0nVu2FSjYM4VMTsvVL79gAnP84JNrV3U4vNv_-HEakEKCVoTmZ1RzqeGQUBE",
    "headerImage": "https://play-lh.googleusercontent.com/z0p-Bv1O6mni__tSwfwDyzztOo5jjRkarMR7lZBf6Eq_EPg8p7eBxlFT5pKPtDytFic",
    "screenshots": [
        "https://play-lh.googleusercontent.com/nzkoGk-A1aE-q7TMWX2FocEiawI1U5_sthCgXYgLRS_yW_dse0QbtRQy9aC7iOmwbQ",
        "https://play-lh.googleusercontent.com/rptCvBRkufo-YMO-VUEFVAkCajv0U-fapmoLKjc3oMVauzXUQhvPms0ObU_vbwKZ_m3K",
        "https://play-lh.googleusercontent.com/2lNx7-SDyqOcVIAZt7yD-VFkQ8sKi-FNU-IjNNZO6ue0Uo3IeiNuSZgruny5VwwNZlE",
        "https://play-lh.googleusercontent.com/1RXRT5i0ueRmgJPuEPyO0cBCskE_n_x1XPo2tDEL7R62_aKn1XjOy0w1d6O82iTSTpf0",
        "https://play-lh.googleusercontent.com/gGV0aeeIbzm5oNYtY4p93YCKsSgkewHyz_ogaKCE2h6dz5kNUxXKO11iIIqr_ZoZlRPM",
        "https://play-lh.googleusercontent.com/trUwterJn0MEo8WivxRrTsGo3MI6V_2Ins0dx3E7odJQVkeTGL-fV4_OE3_ERs9APh4E",
        "https://play-lh.googleusercontent.com/AhJLxt2QV4ZRs6J96A0qAcJAPG0CjSRLdk1etm8L0jNsLuFNe7x0Guog_rWUUpRlrw",
        "https://play-lh.googleusercontent.com/S0wwrFGYIIUuyICkIWGPw1Pf64-vYGV9DKotwwoq3-AOscBw49OuBgD8W1DDvHUr7Cfm",
        "https://play-lh.googleusercontent.com/REL3IGprxVaLz8jmRaqKvTRKe7WGSq2Qo1iMquW9ZR30BFFjUtbbTPMu7Z_arWoROw",
        "https://play-lh.googleusercontent.com/XMTXU-5mh_Zt2IdFmmHiqtNCcLFYS6AikkniXLNm9_23ClpTKzaoe1uf-1vzagO8jw",
        "https://play-lh.googleusercontent.com/z__o-nc7cjcdyQ_xr1suJ2jPXtiAI3h81gdAgyHb0lq7BnaHM7cEGInaSAeSgFODQVE",
        "https://play-lh.googleusercontent.com/UawZR-sB_4wNRnMJhsedVI6IJlhEF6I8Hx_5s_h3Pt0th-cjNteIMiW_MLmRUWwL1A"
    ],
    "video": "https://www.youtube.com/embed/R9rdcbRtXVQ?ps=play&vq=large&rel=0&autohide=1&showinfo=0",
    "videoImage": "https://play-lh.googleusercontent.com/z0p-Bv1O6mni__tSwfwDyzztOo5jjRkarMR7lZBf6Eq_EPg8p7eBxlFT5pKPtDytFic",
    "contentRating": "Everyone",
    "contentRatingDescription": null,
    "adSupported": null,
    "containsAds": false,
    "released": "Apr 23, 2021",
    "updated": 1619209284,
    "version": "1.0",
    "recentChanges": "new premium",
    "recentChangesHTML": "new premium",
    "comments": [],
    "editorsChoice": false,
    "similarApps": [
        "com.musicagames.dosolfa"
    ],
    "moreByDeveloper": null,
    "appId": "com.eyponrGames.CreatePianoTilesMusicalFeastPremium",
    "url": "https://play.google.com/store/apps/details?id=com.eyponrGames.CreatePianoTilesMusicalFeastPremium&hl=en_US&gl=US"
}