{
    "title": "BlackTube - Watch what matters!",
    "description": "BlackTube - Allows you to create your own video library from the most popular video-sharing platform. The videos are isolated from all the distracting videos. \r\n\r\nIf you are a Parent :\r\nYou can restrict emotionally upsetting and violent stunts & pranks and show your kid the better side of the web.  \r\n\r\nIf you are a Student :\r\nYou can keep your mind focused on educational and helpful video links and isolating them in this application.\r\n\r\nFeel the sleek, easy, and clean interface with a stylish and fast player.\r\n\r\nManage your own you-tube video library using the all-new MySpace Editor feature. Create, Delete & Sort Video categories. Show what your kid, client, or students what they want to see.\r\n\r\nNow watch all the trending videos around the globe in one place. Filter trending videos based on country. See what the world is watching from entertainment, music, travel, and other categories. Bookmark and share your favorite videos.\r\n\r\nNo Permissions. No SignUp. Watch videos without being worried about your privacy.",
    "descriptionHTML": "BlackTube - Allows you to create your own video library from the most popular video-sharing platform. The videos are isolated from all the distracting videos. <br><br>If you are a Parent :<br>You can restrict emotionally upsetting and violent stunts &amp; pranks and show your kid the better side of the web.  <br><br>If you are a Student :<br>You can keep your mind focused on educational and helpful video links and isolating them in this application.<br><br>Feel the sleek, easy, and clean interface with a stylish and fast player.<br><br>Manage your own you-tube video library using the all-new MySpace Editor feature. Create, Delete &amp; Sort Video categories. Show what your kid, client, or students what they want to see.<br><br>Now watch all the trending videos around the globe in one place. Filter trending videos based on country. See what the world is watching from entertainment, music, travel, and other categories. Bookmark and share your favorite videos.<br><br>No Permissions. No SignUp. Watch videos without being worried about your privacy.",
    "summary": "Watch only what matters while keeping away all the distractions.",
    "summaryHTML": "Watch only what matters while keeping away all the distractions.",
    "installs": "10,000+",
    "minInstalls": 10000,
    "score": 0,
    "ratings": null,
    "reviews": 0,
    "histogram": [
        0,
        0,
        0,
        0,
        0
    ],
    "price": 0,
    "free": true,
    "currency": "USD",
    "sale": false,
    "saleTime": null,
    "originalPrice": null,
    "saleText": null,
    "offersIAP": true,
    "inAppProductPrice": "$0.99 per item",
    "size": "9.3M",
    "androidVersion": "5.0",
    "androidVersionText": "5.0 and up",
    "developer": "lifesavi",
    "developerId": "lifesavi",
    "developerEmail": "lifesavi@gmail.com",
    "developerWebsite": null,
    "developerAddress": "BTM Layout 1, Bengaluru",
    "privacyPolicy": "https://firebasestorage.googleapis.com/v0/b/wabs-interval-timer.appspot.com/o/privacy_policy.html?alt=media&token=52de9e3c-51f1-41f7-8a2c-658e4473d5cd",
    "developerInternalID": "7487625178318490705",
    "genre": "Entertainment",
    "genreId": "ENTERTAINMENT",
    "icon": "https://play-lh.googleusercontent.com/aC54bg65bwZEwnKPV48puCFat4YVLeawEDiLz9uiBpdmq0OErYNEtw11mzKxaWmpVUs",
    "headerImage": "https://play-lh.googleusercontent.com/1xo4oyonXv6aAtre72nI3bDC4sE2zwNiRZX6kdjJDVixHzq2QfetXnKXgWYMdpwJEQ",
    "screenshots": [
        "https://play-lh.googleusercontent.com/mQBBDl9wcz4BHfiOik6fYW-ul-2-tviaSFcOdZr6-QQFVv0t_YN2ZPcv2BCzLySGTEs",
        "https://play-lh.googleusercontent.com/XgcyDXkghK4XXgPxHRukA0kpg4VBIuLzofWpb5tsJxVBEUMQpLV97O9nl3Wtsuv9KCR2",
        "https://play-lh.googleusercontent.com/PJqJUKdGD1CYBgWaMFUJFc2oQw_Qra5iS5HhkbdyQ-WD_KmDq-lYvXfc1RmKcG2F9HY",
        "https://play-lh.googleusercontent.com/neqjfJp5l_x_KQukJembUePxNlCR9tk1YuyKHd0n7poCZwERb1Y02OfG0WR0XD0muaY",
        "https://play-lh.googleusercontent.com/Q4bpj6HiwUGw_pVplhyDXa1_j20lFpgIHDsrMKcIjCTbMXlrJYIzgk-4sL7D-v5h8a3H"
    ],
    "video": null,
    "videoImage": null,
    "contentRating": "Teen",
    "contentRatingDescription": "Language",
    "adSupported": true,
    "containsAds": true,
    "released": "Nov 9, 2017",
    "updated": 1598109738,
    "version": "2.0.1",
    "recentChanges": "Introducing all new My Space feature to manage your own Youtube Video library. ",
    "recentChangesHTML": "Introducing all new My Space feature to manage your own Youtube Video library. ",
    "comments": [
        "Could have been oky if it wasn't that there isn't any english or american or south african catagories .. closses to english is Australian so thanx but no thanx",
        "Good for watching",
        "Pointless. Thought it'd be a black theme for YouTube but it's not. Couldn't select my country or search.",
        "Some videos are not open till you see the ads. Improve it pls.",
        "No ads yass",
        "Bulshit",
        "good",
        "Trash"
    ],
    "editorsChoice": false,
    "similarApps": [
        "frontier.sonostube",
        "com.jonathanantoine.TVST",
        "com.ukufu.ukufu",
        "com.heremedia.heretv",
        "com.mentorcam.Mentorcam"
    ],
    "moreByDeveloper": null,
    "appId": "com.apps.lifesavi.blacktube",
    "url": "https://play.google.com/store/apps/details?id=com.apps.lifesavi.blacktube&hl=en_US&gl=US"
}