{
    "title": "SnapSupport",
    "description": "SnapSupport is a mobile customer support platform. With SnapSupport app, customers can ask questions with pictures or video in seconds. Take a picture of the issue, annotate the image and send to support team. Support team can respond to customer issues in seconds or minutes using a messaging interface.\r\n\r\n- Picture and video questions\r\n- Draw on images and add annotation\r\n- Real-time messaging interface\r\n- Customer support team collaboration\r\n- Live video call\r\n- Web app for customers and support team",
    "descriptionHTML": "SnapSupport is a mobile customer support platform. With SnapSupport app, customers can ask questions with pictures or video in seconds. Take a picture of the issue, annotate the image and send to support team. Support team can respond to customer issues in seconds or minutes using a messaging interface.<br><br>- Picture and video questions<br>- Draw on images and add annotation<br>- Real-time messaging interface<br>- Customer support team collaboration<br>- Live video call<br>- Web app for customers and support team",
    "summary": "SnapSupport is a picture and video based mobile customer support platform.",
    "summaryHTML": "SnapSupport is a picture and video based mobile customer support platform.",
    "installs": "1,000+",
    "minInstalls": 1000,
    "score": 0,
    "ratings": null,
    "reviews": 0,
    "histogram": [
        0,
        0,
        0,
        0,
        0
    ],
    "price": 0,
    "free": true,
    "currency": "USD",
    "sale": false,
    "saleTime": null,
    "originalPrice": null,
    "saleText": null,
    "offersIAP": false,
    "inAppProductPrice": null,
    "size": "50M",
    "androidVersion": "5.0",
    "androidVersionText": "5.0 and up",
    "developer": "SnapSupport, Inc",
    "developerId": "SnapSupport,+Inc",
    "developerEmail": "support@snapsupport.io",
    "developerWebsite": "http://snapsupport.io",
    "developerAddress": null,
    "privacyPolicy": "http://snapsupport.io/communities/privacy.html",
    "developerInternalID": "7020629223330365940",
    "genre": "Productivity",
    "genreId": "PRODUCTIVITY",
    "icon": "https://play-lh.googleusercontent.com/6XXPbHaxI-iE5sNvVtM_sKiOj6yUbskZ-5ZfiA1tUmOFerYZEoglyW2_LIFzyhMdlW4",
    "headerImage": "https://play-lh.googleusercontent.com/dhqjCWHbqX1NTRM2nbnuPDQ7YHJziRdhdsm8bAs9rIS4Osl964P66bYnL2cRW_irQg",
    "screenshots": [
        "https://play-lh.googleusercontent.com/RujXCSLs3hGQ4hDWRtUjHxI2WY8aqpvNU234cBaiB6g_Iv4dwh1CxZy6OWZ86j1SnlA",
        "https://play-lh.googleusercontent.com/AMQvsLITqJ4DpAjkpjncFbvPR-lWrwpja4MqGn-YtLia_F6dDMgQgeU3Vr4ckanVdtA",
        "https://play-lh.googleusercontent.com/B0cmo4Xywp12zzAOf_IDABNpHCBmOdXKI5mgPByFPnChM82-9tzhLgUlpr3pDXUridej",
        "https://play-lh.googleusercontent.com/1BIFgBhQIsRXQIYWwI87pajHwJ2LjQ2wWUYeHU842h1Jm9LKX-eED-lR4i9j_PLFRH0",
        "https://play-lh.googleusercontent.com/o1ULJOTa8AR_7ov8m2N-2-xQ3CU57xGQ6F9s8-D-u7pDkmuOHtSc2ybuxr_VcT-0mhSg"
    ],
    "video": null,
    "videoImage": null,
    "contentRating": "Everyone",
    "contentRatingDescription": null,
    "adSupported": null,
    "containsAds": false,
    "released": "Aug 16, 2016",
    "updated": 1642661169,
    "version": "5.16",
    "recentChanges": "- Bug fixes & improvements",
    "recentChangesHTML": "- Bug fixes &amp; improvements",
    "comments": [
        "Did all paperworks saved in draft ,checked after few time it won't be there ... Eveytime need to do same things twice if you rely on this app...",
        "I used S10+ and now S21. It takes a lot of time to upload photos. It used to work In a second before but not it takes a lot of time.",
        "Worst App in the world, with full of bugs and designed totally not for field work, automatically delete data, very bad response time, worst photo uploading function.",
        "worked better now with the update. pdf export is also handy.",
        "I can't upload the original photos in snapper support. Anyone has same problem?",
        "This is the worst app I've ever used.",
        "Amazing product to connect geographically dispersed field service teams with technical experts of the company to solve customer issues faster and cheaper.",
        "Works well but have receiving issues with loading chat",
        "Superb"
    ],
    "editorsChoice": false,
    "similarApps": [
        "net.globalid",
        "de.idnow",
        "com.digidentity",
        "io.idnow.autoident",
        "com.statcounter.statcounterapp"
    ],
    "moreByDeveloper": null,
    "appId": "com.ceino.fluidguy",
    "url": "https://play.google.com/store/apps/details?id=com.ceino.fluidguy&hl=en_US&gl=US"
}