{
    "title": "Lil Durk Wallpapers",
    "description": "Lil Durk Wallpapers HD is an application that provides images for Lil Durk fans. Lil Durk Wallpaper 4K is an application that provides Lil Durk images. This wallpapers application has a variety of interesting collections from Lil Durk images that can be used as wallpapers in your smart phone.\r\n\r\nFor those of you who like Lil Durk you must have and install this application.\r\n\r\nThere are lots of pictures about Lil Durk wallpapers that you can make the choice to make your wallpaper so that it is better and cool, this wallpaper is made especially for you.\r\nLil Durk wallpaper hd apps has many interesting collection that you can use as wallpaper. For those of you who love wallpaper Lil Durk you must have this app. More than +1000 pictures about Lil Durk wallpaper that you can make the choice to make your wallpaper, these wallpapers were made special for you.\r\n\r\nFEATURES:\r\n1. +1000 Lil Durk wallpaper hd\r\n2. Weekly updates\r\n3. Compatible with 99% of mobile phones and devices.\r\n4. You can save or Share \"wallpaper of Lil Durk\" to Sosial media.\r\n5. Full support for portrait and landscape mode\r\n6. Optimized battery usage!\r\n7. Fully supports horizontal orientation\r\n8. Add to favorites\r\n\r\nDISCLAIMER:\r\nThis app is made by Lil Durk fans, and it is unofficial. The content in this app is not affiliated with, endorsed, sponsored, or specifically approved by any company.\r\nAll copyright and trademarks are owned by their respective owners. The images in this application are collected from around the web,if we are in copyright, please let us know as and it will be removed as soon as possible",
    "descriptionHTML": "Lil Durk Wallpapers HD is an application that provides images for Lil Durk fans. Lil Durk Wallpaper 4K is an application that provides Lil Durk images. This wallpapers application has a variety of interesting collections from Lil Durk images that can be used as wallpapers in your smart phone.<br><br>For those of you who like Lil Durk you must have and install this application.<br><br>There are lots of pictures about Lil Durk wallpapers that you can make the choice to make your wallpaper so that it is better and cool, this wallpaper is made especially for you.<br>Lil Durk wallpaper hd apps has many interesting collection that you can use as wallpaper. For those of you who love wallpaper Lil Durk you must have this app. More than +1000 pictures about Lil Durk wallpaper that you can make the choice to make your wallpaper, these wallpapers were made special for you.<br><br>FEATURES:<br>1. +1000 Lil Durk wallpaper hd<br>2. Weekly updates<br>3. Compatible with 99% of mobile phones and devices.<br>4. You can save or Share &quot;wallpaper of Lil Durk&quot; to Sosial media.<br>5. Full support for portrait and landscape mode<br>6. Optimized battery usage!<br>7. Fully supports horizontal orientation<br>8. Add to favorites<br><br>DISCLAIMER:<br>This app is made by Lil Durk fans, and it is unofficial. The content in this app is not affiliated with, endorsed, sponsored, or specifically approved by any company.<br>All copyright and trademarks are owned by their respective owners. The images in this application are collected from around the web,if we are in copyright, please let us know as and it will be removed as soon as possible",
    "summary": "Lil Durk Wallpapers HD is an application that provides images for Lil Durk fans",
    "summaryHTML": "Lil Durk Wallpapers HD is an application that provides images for Lil Durk fans",
    "installs": "100+",
    "minInstalls": 100,
    "score": 3.6666667,
    "ratings": 6,
    "reviews": 2,
    "histogram": [
        2,
        0,
        0,
        0,
        4
    ],
    "price": 0,
    "free": true,
    "currency": "USD",
    "sale": false,
    "saleTime": null,
    "originalPrice": null,
    "saleText": null,
    "offersIAP": false,
    "inAppProductPrice": null,
    "size": "12M",
    "androidVersion": "5.0",
    "androidVersionText": "5.0 and up",
    "developer": "KozukiDevs",
    "developerId": "KozukiDevs",
    "developerEmail": "armandmaulana.am33@gmail.com",
    "developerWebsite": "https://gdprbakoel.blogspot.com/",
    "developerAddress": null,
    "privacyPolicy": "https://gulciiapps.blogspot.com/p/privacy-policy.html",
    "developerInternalID": "8885343135109025358",
    "genre": "Entertainment",
    "genreId": "ENTERTAINMENT",
    "icon": "https://play-lh.googleusercontent.com/p6YocfncnH-QrNjzeSi_2au6mUBB4y9OofepJo-63f1oPk80edZO0iPetOiAJPTz_h8",
    "headerImage": "https://play-lh.googleusercontent.com/fs7776CK-vvzp0v14RV2gGfyRRKMjvkIHJQprTI3x3yxlIYeJNpKtn3pWR9ePo_p1zM",
    "screenshots": [
        "https://play-lh.googleusercontent.com/nq1loQ1trAmuhhhpt5Z-aukmxFtV3fdzRAXmHZ0g49pvPtA1ugbVPMpZTfCg_JCX4A",
        "https://play-lh.googleusercontent.com/ryfAZvnQzoGX8LAjdJaiu8xR596UV6fKXbs4yR1avCE_gPZDVoAGA0BiJbNJ8wmHUJw",
        "https://play-lh.googleusercontent.com/xF-l30KFnFq2ujQtLtMn5uwr38m5RbFpxMsOqQWomEXBhbdyWLhTslSW_IwvdxAliA",
        "https://play-lh.googleusercontent.com/ofl8n35mN3llCgj9_Oo9di122TXeJCNcJsufiC-Ri4H1CS5-1yQdsWjijCzkMFT4T7HZ",
        "https://play-lh.googleusercontent.com/ns4vX_gDSLKu_3BZ1j5i7PEJGSZTFenXex8Qoopyj1fBlwN1WWDd77KknfXVkms6MoU",
        "https://play-lh.googleusercontent.com/2F6b6yoZGvmAm9TNB1fv8gsECQ6BUNmY1OafonbasTlE5wLjYduoXWk6uIXuQ33LBg",
        "https://play-lh.googleusercontent.com/SpgNWogE0eCDR9orEW8lDwZuLF3hGKCOjhS4O-95wbRp7VrUjaNEU4UieztVDvqSqK5B",
        "https://play-lh.googleusercontent.com/kpgwzs1lgDtMTmOugtUlQMPS8558U12l98b5kYdVYRSXZQNSpHqmX4AP35Zq51hrB1g2",
        "https://play-lh.googleusercontent.com/dd-wSnDHYIWvj4dYu-8ccfaukghW3W3uqUtFL4ih2hpm7QugeyOdwcSgQD8jaluILQ",
        "https://play-lh.googleusercontent.com/1dBDMy1Gq4HjxjZnamZMLYhfrYwRIbTgLMpxP9wWOhMo4QZfMvTpYB_tzDV6yyV6DOU",
        "https://play-lh.googleusercontent.com/RtkaTri6ivgfY2_HpT0dsfH6jBayI0_k_3_leKeeiEPgmHJAnz5mi23oYKLx5BpKXw",
        "https://play-lh.googleusercontent.com/xCTzHZ_Pu36p5tRRRrE6PbprulfvghxeRFYIpE16amQYcP2QTzhMX6cUdDZ6WJUgQhE",
        "https://play-lh.googleusercontent.com/5ZsebvFFCOcljf-tRm9CNG9vDbWz25gACrfo8dJCY_fJgY6-7VF5FAGE-pRHTT2OJQ",
        "https://play-lh.googleusercontent.com/IhXb53UlLIlqarPQvRImHzwz_Kham_V_v-XGGH5yqZSeRpA8Ol0mg_i9b4gXOkcg3S8",
        "https://play-lh.googleusercontent.com/a2T3pXWxBsD60sIYjCqZJWG_PhlQrGwLhbdrpXDmtnf_j60-EeuW1rwEHdQjucJAi-gE"
    ],
    "video": null,
    "videoImage": null,
    "contentRating": "Everyone",
    "contentRatingDescription": null,
    "adSupported": true,
    "containsAds": true,
    "released": "Nov 15, 2021",
    "updated": 1637760523,
    "version": "5.0",
    "recentChanges": null,
    "recentChangesHTML": null,
    "comments": [
        "Durkio"
    ],
    "editorsChoice": false,
    "similarApps": [
        "com.rrfcu"
    ],
    "moreByDeveloper": [
        "com.KozukiDevs.piperrockellewallpaper",
        "com.KozukiDevs.unspeakable",
        "com.KozukiDevs.michaeljackson",
        "com.KozukiDevs.megantheestallionwallpaper",
        "com.KozukiDevs.dojacatwallpaper"
    ],
    "appId": "com.KozukiDevs.lildurkwallpaper",
    "url": "https://play.google.com/store/apps/details?id=com.KozukiDevs.lildurkwallpaper&hl=en_US&gl=US"
}