{
    "title": "미씨쿠폰 Lite - 미국 핫딜 정보 MissyCoupons",
    "description": "미씨쿠폰 Lite 애플리케이션이 출시되었습니다. \r\n미씨쿠폰 Lite는 기본기능만 제공되는 경량화된 애플리케이션입니다. \r\n\r\n== 미씨쿠폰 Lite 애플리케이션의 기능 ==\r\n\r\n1. 지문 인식 로그인 : 매번 아이디, 패스워드를 입력해야 하는 번거로움을 해소하기 위해\r\n지문인식 프로그램으로 간단히 로그인 할 수 있습니다. (지문인식 기능이 탑재된 기기에 한하여)\r\n\r\n2. 실시간 쪽지 알림 : 쪽지를 알림으로 받아 볼 수 있습니다. 친구와 주고 받는 쪽지, 정보 공유를 위한 회원님 간의 쪽지, 운영자와의 쪽지 등을 실시간 쪽지 알림으로 받아보실 수 있습니다.\r\n\r\n3. 대문 핫딜 알림 : 미씨쿠폰에서 선별한 실시간 핫딜을 알림을 통해 바로 확인 할 수 있습니다.\r\n\r\n4. 댓글 알림 : 내가 작성한 글에 대한 회원님들의 실시간 반응을 댓글 알림을 통해 확인할 수 있습니다.\r\n\r\n5. 글쓰기/댓글쓰기 : 하단 버튼 클릭 한번으로 더욱 편리하게 글을 쓸 수 있습니다.\r\n\r\n6. 스와이프 : 왼쪽에서 오른쪽으로 밀면 뒤로가기가 가능합니다.\r\n\r\n7. 스티커 기능: 글과 댓글에 미씨쿠폰에서 제작한 스티커를 입력할 수 있습니다.",
    "descriptionHTML": "미씨쿠폰 Lite 애플리케이션이 출시되었습니다. <br>미씨쿠폰 Lite는 기본기능만 제공되는 경량화된 애플리케이션입니다. <br><br>== 미씨쿠폰 Lite 애플리케이션의 기능 ==<br><br>1. 지문 인식 로그인 : 매번 아이디, 패스워드를 입력해야 하는 번거로움을 해소하기 위해<br>지문인식 프로그램으로 간단히 로그인 할 수 있습니다. (지문인식 기능이 탑재된 기기에 한하여)<br><br>2. 실시간 쪽지 알림 : 쪽지를 알림으로 받아 볼 수 있습니다. 친구와 주고 받는 쪽지, 정보 공유를 위한 회원님 간의 쪽지, 운영자와의 쪽지 등을 실시간 쪽지 알림으로 받아보실 수 있습니다.<br><br>3. 대문 핫딜 알림 : 미씨쿠폰에서 선별한 실시간 핫딜을 알림을 통해 바로 확인 할 수 있습니다.<br><br>4. 댓글 알림 : 내가 작성한 글에 대한 회원님들의 실시간 반응을 댓글 알림을 통해 확인할 수 있습니다.<br><br>5. 글쓰기/댓글쓰기 : 하단 버튼 클릭 한번으로 더욱 편리하게 글을 쓸 수 있습니다.<br><br>6. 스와이프 : 왼쪽에서 오른쪽으로 밀면 뒤로가기가 가능합니다.<br><br>7. 스티커 기능: 글과 댓글에 미씨쿠폰에서 제작한 스티커를 입력할 수 있습니다.",
    "summary": "This is a lightweight Misi Coupon app that provides only basic functions.",
    "summaryHTML": "This is a lightweight Misi Coupon app that provides only basic functions.",
    "installs": "100+",
    "minInstalls": 100,
    "score": 0,
    "ratings": null,
    "reviews": 0,
    "histogram": [
        0,
        0,
        0,
        0,
        0
    ],
    "price": 0,
    "free": true,
    "currency": "USD",
    "sale": false,
    "saleTime": null,
    "originalPrice": null,
    "saleText": null,
    "offersIAP": false,
    "inAppProductPrice": null,
    "size": "12M",
    "androidVersion": "4.2",
    "androidVersionText": "4.2 and up",
    "developer": "MissyCoupons Inc.",
    "developerId": "MissyCoupons+Inc.",
    "developerEmail": "developers@missycoupons.com",
    "developerWebsite": "https://www.missycoupons.com",
    "developerAddress": null,
    "privacyPolicy": "https://www.missycoupons.com/zero/board.php#id=policies&no=2",
    "developerInternalID": "8717518189390433303",
    "genre": "Shopping",
    "genreId": "SHOPPING",
    "icon": "https://play-lh.googleusercontent.com/Hpwwert6G3dVVlScejYNYmg9C67nxDCmYlndz6Ar3muF4C_0jwBW0bD1I2BvFLgiuA",
    "headerImage": "https://play-lh.googleusercontent.com/fUhzUT_MD5Svuzt2IKSaL7NIbRzOwr_PAwg0QhbToQnM7HcX7xmF7tzEJAwU1gi14w",
    "screenshots": [
        "https://play-lh.googleusercontent.com/4qrgzEMrvZ0onxc9PpMyHYBPTap9hSbQbiCsRUgciBB4ElzmXZaBYaYk1kgY8KgIKQ",
        "https://play-lh.googleusercontent.com/ZhGLFcAh8DE_MvhqwU5TjV33HQvtsdFF0D0gtiJE7UpQisHbWflNM4QJlmEUJcPr8gQ",
        "https://play-lh.googleusercontent.com/rDRlxTFw3PxDcsgL90jJ9giFijVn4MJfffGxSzaolGCuNjH2Xt06VZExa9AH0ocPc4qc",
        "https://play-lh.googleusercontent.com/KwzEuS_d3HaRTaKHlKCsXdl-2GW_28hH5MtSf_Qyid5KTS-zTE3b_NdrsYC4WCrZ8g"
    ],
    "video": null,
    "videoImage": null,
    "contentRating": "Teen",
    "contentRatingDescription": null,
    "adSupported": true,
    "containsAds": true,
    "released": "Aug 3, 2020",
    "updated": 1599806232,
    "version": "2.0.1(106)",
    "recentChanges": "안드로이드 7.0에서 사진입력 오류 수정",
    "recentChangesHTML": "안드로이드 7.0에서 사진입력 오류 수정",
    "comments": [],
    "editorsChoice": false,
    "similarApps": [
        "com.trams.moj",
        "com.themoin.remit"
    ],
    "moreByDeveloper": [
        "com.missycoupons.BaseApp",
        "com.missycoupons.mobile"
    ],
    "appId": "com.missycoupons.lite",
    "url": "https://play.google.com/store/apps/details?id=com.missycoupons.lite&hl=en_US&gl=US"
}