{
    "title": "쿠쿠티비 - 영화/드라마/예능/애니/미드/TV 다시보기",
    "description": "인터넷에서 수집된 최신 영화, 드라마, 예능, 애니, 미드 동영상 바로보기 \r\n\r\n링크를 통해 해당 서버로 이동하여 다운로드 및 바로보기 가능합니다.\r\n\r\n해당앱은 직접 저작권 콘텐츠를 제공하지 않습니다.\r\n\r\n기타 저작권 관련 문의는 제휴사에 있음을 명시합니다.",
    "descriptionHTML": "인터넷에서 수집된 최신 영화, 드라마, 예능, 애니, 미드 동영상 바로보기 <br><br>링크를 통해 해당 서버로 이동하여 다운로드 및 바로보기 가능합니다.<br><br>해당앱은 직접 저작권 콘텐츠를 제공하지 않습니다.<br><br>기타 저작권 관련 문의는 제휴사에 있음을 명시합니다.",
    "summary": "The latest movies, dramas, entertainment, anime, and mid-view apps.",
    "summaryHTML": "The latest movies, dramas, entertainment, anime, and mid-view apps.",
    "installs": "10,000+",
    "minInstalls": 10000,
    "score": 0,
    "ratings": null,
    "reviews": 0,
    "histogram": [
        0,
        0,
        0,
        0,
        0
    ],
    "price": 0,
    "free": true,
    "currency": "USD",
    "sale": false,
    "saleTime": null,
    "originalPrice": null,
    "saleText": null,
    "offersIAP": false,
    "inAppProductPrice": null,
    "size": "497k",
    "androidVersion": "3.1",
    "androidVersionText": "3.1 and up",
    "developer": "웹하드모음",
    "developerId": "%EC%9B%B9%ED%95%98%EB%93%9C%EB%AA%A8%EC%9D%8C",
    "developerEmail": "tlsehdgus2231@gmail.com",
    "developerWebsite": null,
    "developerAddress": null,
    "privacyPolicy": null,
    "developerInternalID": "6179047580628507525",
    "genre": "Entertainment",
    "genreId": "ENTERTAINMENT",
    "icon": "https://play-lh.googleusercontent.com/J0o-CXw8xGztsFgTA4XqhLRGASaSkFSpFLoURkPERsEbl0TOEcasoTAcKaLPHqMSKg",
    "headerImage": "https://play-lh.googleusercontent.com/4KxuYoRxRmm98Ne2uHgQiaTbbT6VwW1KZlmZdh-HdpsMtnnY-pSJyaMipYguxqU21w",
    "screenshots": [
        "https://play-lh.googleusercontent.com/oD7e2ldtJarl2USfJinIjNGWSuNH8RY2salmr2SCzPQQnNIIMNZkdjcw6TXcl2RmuOYz",
        "https://play-lh.googleusercontent.com/q5SXi7e4eDm38Ru5w-x72E4sAga_k3SEc6_HNvZa7iu4Iq3xJrvXlg6hW2L3CJ1fwHQ"
    ],
    "video": null,
    "videoImage": null,
    "contentRating": "Everyone",
    "contentRatingDescription": null,
    "adSupported": true,
    "containsAds": true,
    "released": "Sep 25, 2020",
    "updated": 1601088219,
    "version": "2.0.0",
    "recentChanges": null,
    "recentChangesHTML": null,
    "comments": [],
    "editorsChoice": false,
    "similarApps": null,
    "moreByDeveloper": null,
    "appId": "com.KR.CuCuTv",
    "url": "https://play.google.com/store/apps/details?id=com.KR.CuCuTv&hl=en_US&gl=US"
}