{
    "title": "HOTEK",
    "description": "HOTEK: WE HAVE THE SOLUTION THAT FITS YOUR SITUATION\r\n\r\nHotek Hospitality Group offers and develops innovative security solutions for the hospitality\r\nindustry. Over 5.000 customers in 65 countries are being served, including hotels, holiday\r\nresorts, cruise ships, nursing centers and student housing. We provide a range of offline\r\nand online solutions, based on the latest technologies.\r\n\r\nMobile access is among the newest and most innovative access and hotel lock solutions.\r\nHOTEK is proud to be able to offer mobile accessible locks and we’re thrilled to launch our\r\nnew mobile access app with which guests can access their own hotel rooms. \r\n\r\nWhen using the HOTEK app, users are able to use feature ‘key sharing’, which enables\r\nthem to share their digital key with for example family members or partners. Access has\r\nnever been easier and more innovative!\r\nFor more information, visit our website or check out our social media channels. Enjoy\r\nHOTEK! \r\n\r\nPlease note: mobile access by HOTEK can only be used if the location of your choice\r\nprovides the HOTEK mobile access service for its guests.",
    "descriptionHTML": "HOTEK: WE HAVE THE SOLUTION THAT FITS YOUR SITUATION<br><br>Hotek Hospitality Group offers and develops innovative security solutions for the hospitality<br>industry. Over 5.000 customers in 65 countries are being served, including hotels, holiday<br>resorts, cruise ships, nursing centers and student housing. We provide a range of offline<br>and online solutions, based on the latest technologies.<br><br>Mobile access is among the newest and most innovative access and hotel lock solutions.<br>HOTEK is proud to be able to offer mobile accessible locks and we’re thrilled to launch our<br>new mobile access app with which guests can access their own hotel rooms. <br><br>When using the HOTEK app, users are able to use feature ‘key sharing’, which enables<br>them to share their digital key with for example family members or partners. Access has<br>never been easier and more innovative!<br>For more information, visit our website or check out our social media channels. Enjoy<br>HOTEK! <br><br>Please note: mobile access by HOTEK can only be used if the location of your choice<br>provides the HOTEK mobile access service for its guests.",
    "summary": "The Mobile Access Solution for Hotels and Real Estate",
    "summaryHTML": "The Mobile Access Solution for Hotels and Real Estate",
    "installs": "1,000+",
    "minInstalls": 1000,
    "score": 0,
    "ratings": null,
    "reviews": 0,
    "histogram": [
        0,
        0,
        0,
        0,
        0
    ],
    "price": 0,
    "free": true,
    "currency": "USD",
    "sale": false,
    "saleTime": null,
    "originalPrice": null,
    "saleText": null,
    "offersIAP": false,
    "inAppProductPrice": null,
    "size": "3.1M",
    "androidVersion": "5.0",
    "androidVersionText": "5.0 and up",
    "developer": "4Suites B.V.",
    "developerId": "4Suites+B.V.",
    "developerEmail": "info@hotek.nl",
    "developerWebsite": "http://4suiteshq.com",
    "developerAddress": null,
    "privacyPolicy": "https://www.hotek.nl/en/privacy-cookies-1",
    "developerInternalID": "5622353616627939801",
    "genre": "Travel & Local",
    "genreId": "TRAVEL_AND_LOCAL",
    "icon": "https://play-lh.googleusercontent.com/3Gagrid_l4XFkmt7lEaFxTXLSxpDPK84mMOkIyrYArCxT71kueLKKpYSyXk4B5DkPJPF",
    "headerImage": "https://play-lh.googleusercontent.com/YykEVhNpqcua0ICX13tOlM-Is4Wv_M-H_HMETW4rZpGdD4Q2e5IqGS5JcHDkgOvwyh8",
    "screenshots": [
        "https://play-lh.googleusercontent.com/azSUKI1GfsOIqzo5kyKyI0vtjFeaVJGYP2DpRvooi9AciVG5JGMvyymCdCCdGl9MEA",
        "https://play-lh.googleusercontent.com/RIkwRS5crAOpK_9l3kR8Emj9c-dOLGoshBrxZ60VCBCmZYUJLPp-9-ATshohI30PiTE",
        "https://play-lh.googleusercontent.com/0IT5b6K_phDX4zH1bJWHVIf63v6E8D46NtyplsubYufJrSCJHEH4KHlvvrQlNarXog",
        "https://play-lh.googleusercontent.com/dPVfNkCTQMnZrDSla06KJnEyQZCrOqDh9xY1CvkC3OwT83E9gns5Uw8c-PPxrobcYNWS",
        "https://play-lh.googleusercontent.com/5nLbCZ3MPBn7IOQKQrYA_isFqgJs_zE7fSN4yFoz5Ao0Drvv-MHvQHPGFOo1GAqYjw8"
    ],
    "video": null,
    "videoImage": null,
    "contentRating": "Everyone",
    "contentRatingDescription": null,
    "adSupported": null,
    "containsAds": false,
    "released": "Jan 7, 2018",
    "updated": 1569920386,
    "version": "1.20.0",
    "recentChanges": "Thanks for using HOTEK! We’re constantly working on updates to make the app faster and easier to use. Update to the most recent version to enjoy the latest and greatest features.",
    "recentChangesHTML": "Thanks for using HOTEK! We’re constantly working on updates to make the app faster and easier to use. Update to the most recent version to enjoy the latest and greatest features.",
    "comments": [
        "Useless. It takes a while to position the phone properly before it triggers a door lock. Very few hotels use this app for a keyless entry and this app may be needed once in a lifetime just to stay one night in a hotel you are never coming back ever.",
        "What a stupid and insecure idea to use an app instead of an access code!"
    ],
    "editorsChoice": false,
    "similarApps": [
        "com.spareroom.spareroomus",
        "com.viator.mobile.android",
        "com.aimsaero.eCrew",
        "co.snag.work.app",
        "com.spareroom.spareroomuk"
    ],
    "moreByDeveloper": [
        "com.foursuites.android.vaya",
        "com.foursuites.android.merin",
        "com.foursuites.android.hmb",
        "com.foursuites.android"
    ],
    "appId": "com.foursuites.android.hotek",
    "url": "https://play.google.com/store/apps/details?id=com.foursuites.android.hotek&hl=en_US&gl=US"
}