{
    "title": "영화/드라마/예능/애니 다시보기 - 다나와티비",
    "description": "인터넷에서 수집된 최신 영화, 드라마, 예능, 애니, 미드 동영상 바로보기\r\n\r\n링크를 통해 해당 서버로 이동하여 다운로드 및 바로보기 가능합니다.\r\n\r\n해당앱은 직접 저작권 콘텐츠를 제공하지 않습니다.\r\n\r\n기타 저작권 관련 문의는 제휴사에 있음을 명시합니다.",
    "descriptionHTML": "인터넷에서 수집된 최신 영화, 드라마, 예능, 애니, 미드 동영상 바로보기<br><br>링크를 통해 해당 서버로 이동하여 다운로드 및 바로보기 가능합니다.<br><br>해당앱은 직접 저작권 콘텐츠를 제공하지 않습니다.<br><br>기타 저작권 관련 문의는 제휴사에 있음을 명시합니다.",
    "summary": "View the latest movies, dramas, entertainment, anime, and mid movies",
    "summaryHTML": "View the latest movies, dramas, entertainment, anime, and mid movies",
    "installs": "10,000+",
    "minInstalls": 10000,
    "score": 0,
    "ratings": null,
    "reviews": 0,
    "histogram": [
        0,
        0,
        0,
        0,
        0
    ],
    "price": 0,
    "free": true,
    "currency": "USD",
    "sale": false,
    "saleTime": null,
    "originalPrice": null,
    "saleText": null,
    "offersIAP": false,
    "inAppProductPrice": null,
    "size": "465k",
    "androidVersion": "3.1",
    "androidVersionText": "3.1 and up",
    "developer": "다나와티비",
    "developerId": "%EB%8B%A4%EB%82%98%EC%99%80%ED%8B%B0%EB%B9%84",
    "developerEmail": "ehdgus091201@gmail.com",
    "developerWebsite": null,
    "developerAddress": null,
    "privacyPolicy": null,
    "developerInternalID": "6876693298618088033",
    "genre": "Entertainment",
    "genreId": "ENTERTAINMENT",
    "icon": "https://play-lh.googleusercontent.com/2N17GYE9nsnOIXCesYT1Pq9obz_axrQqRD5n9NuYIjtMSkERCMAmgEEYXv3Ho6o-8w",
    "headerImage": "https://play-lh.googleusercontent.com/2qUgPD-tFkwt1-cwZ9o22k5yYkg4FczZay1Lte18-CW9UHa1ol4I_pArdJnq62HbMLc1",
    "screenshots": [
        "https://play-lh.googleusercontent.com/-VS5HxZtUaSpk_hp-k55sNisUf1PIioo__88i0V5lczW2ZBwzGRgyQ3ZUxdrP8jp7A",
        "https://play-lh.googleusercontent.com/MMN2nrBVSjfC0Z311LDPXV3DrRpJ3nRuys1LqCbvOeSvqGP22CejDMZn9L0qMQLBww"
    ],
    "video": null,
    "videoImage": null,
    "contentRating": "Everyone",
    "contentRatingDescription": null,
    "adSupported": true,
    "containsAds": true,
    "released": "Oct 8, 2020",
    "updated": 1602210249,
    "version": "1.0.0",
    "recentChanges": null,
    "recentChangesHTML": null,
    "comments": [],
    "editorsChoice": false,
    "similarApps": null,
    "moreByDeveloper": null,
    "appId": "com.KR.DnaWaTv",
    "url": "https://play.google.com/store/apps/details?id=com.KR.DnaWaTv&hl=en_US&gl=US"
}