{
    "title": "Kiss GIF Image",
    "description": "Kiss GIF\r\nKiss Gifs is a collection of the best Kiss (animated Gifs) that are easy to share with friends in social networks.\r\nKiss gif is specially created with nice realistic and Beautiful animated Kiss background, it has a huge collection of Kiss gif, so wish your friends & family a Very Kiss using Kiss gif . \r\nIt's time for fun and enjoy, spread the joy with fabulous Kiss gif. Enjoy Kiss with Kiss Greetings !!\r\n\r\nYou can say Kiss to your friends, your lover, or your family, relatives, colleagues, at Kiss everyday by sending a greeting Kiss Gif Or picture or message or quotes card. \r\nThere are a lot of beautiful Kiss Gif Images on this app.\r\n****Features of Kiss images***\r\n\t1000+ images\r\n\tEasy To Use\r\n\tAbility to zoom\t\t\r\n\tCategory Wise images\r\n\tLatest Collection\r\n\tFast Loading\r\n\tShare images\r\n\r\nUse this awesome Kiss gif ( Animated Gif )app for Kiss wishes and wish your loved one a happy Kiss using this beautiful very Kiss gif.\r\nSend Kiss wishes to your friends and family with Kiss Gif app.",
    "descriptionHTML": "Kiss GIF<br>Kiss Gifs is a collection of the best Kiss (animated Gifs) that are easy to share with friends in social networks.<br>Kiss gif is specially created with nice realistic and Beautiful animated Kiss background, it has a huge collection of Kiss gif, so wish your friends &amp; family a Very Kiss using Kiss gif . <br>It&#39;s time for fun and enjoy, spread the joy with fabulous Kiss gif. Enjoy Kiss with Kiss Greetings !!<br><br>You can say Kiss to your friends, your lover, or your family, relatives, colleagues, at Kiss everyday by sending a greeting Kiss Gif Or picture or message or quotes card. <br>There are a lot of beautiful Kiss Gif Images on this app.<br>****Features of Kiss images***<br>\t1000+ images<br>\tEasy To Use<br>\tAbility to zoom\t\t<br>\tCategory Wise images<br>\tLatest Collection<br>\tFast Loading<br>\tShare images<br><br>Use this awesome Kiss gif ( Animated Gif )app for Kiss wishes and wish your loved one a happy Kiss using this beautiful very Kiss gif.<br>Send Kiss wishes to your friends and family with Kiss Gif app.",
    "summary": "Enjoy with huge collection of kiss images and gifs",
    "summaryHTML": "Enjoy with huge collection of kiss images and gifs",
    "installs": "500,000+",
    "minInstalls": 500000,
    "score": 4.1375,
    "ratings": 3191,
    "reviews": 25,
    "histogram": [
        399,
        199,
        159,
        239,
        2195
    ],
    "price": 0,
    "free": true,
    "currency": "USD",
    "sale": false,
    "saleTime": null,
    "originalPrice": null,
    "saleText": null,
    "offersIAP": false,
    "inAppProductPrice": null,
    "size": "9.9M",
    "androidVersion": "4.4",
    "androidVersionText": "4.4 and up",
    "developer": "Global Stock",
    "developerId": "Global+Stock",
    "developerEmail": "globalstock20@gmail.com",
    "developerWebsite": "https://kissgifimage.blogspot.com",
    "developerAddress": null,
    "privacyPolicy": "https://globalstock20.blogspot.com",
    "developerInternalID": "6737696083380765839",
    "genre": "Entertainment",
    "genreId": "ENTERTAINMENT",
    "icon": "https://play-lh.googleusercontent.com/p5d5R2-ASI2UcecG-FRnnElVvqqxTXWuyyvbp3tMcbBpoYyX-_maWfNG2eh7eucRfAE",
    "headerImage": "https://play-lh.googleusercontent.com/Q_mLK7pX9Pp_eZ0KF7KiVLOZ5gVKtP1W8hbTndJc0tDPHopJ4l6qbRc0l4CZWDjBzw",
    "screenshots": [
        "https://play-lh.googleusercontent.com/Zb3eQPPLCGk9sqnxQwJxw-NMUoQzqEfoijtFOLTZWSl-lhd-Aj0i9zq69RPIJyD5T5I",
        "https://play-lh.googleusercontent.com/nh32BsGcJDDV_PX_YM6Q-UoecY1kRYV0hPuSyLfGvypJCDuHXjb8nTCJNF74MsVvZuIB",
        "https://play-lh.googleusercontent.com/axbC5C8TOgBj4Lwq2iAAceeV6qJRTeAMoj8DoApPXAU8mtdtbjfXXiCGHGTcLLUhAXA",
        "https://play-lh.googleusercontent.com/Q47pTpl5ig5eXTtkXL4huv0NVl5yzIgv1Kx9gBcqMu6CtrL7qlmhdprzAFZa3RUIR6k",
        "https://play-lh.googleusercontent.com/a1gXuxi73L-R2Liwk8ufnJRI5z_ojbVLcXVVLrDBKiXwr0PZRjMVdP78ep66PMSW4-FJ",
        "https://play-lh.googleusercontent.com/w6bkEYoj6nFth0iwHXRpltTTImaaP3tQ0XQykQ1YzhIPmZ_FLxMSNLC2lUFHD-Tsn7Ui",
        "https://play-lh.googleusercontent.com/4NrZHstL7YY0ZRyzWdD1LAJ6bzlgtCMq8zSaPXixuKnOOVMdziZPGTxuNtS2MvEqNP8",
        "https://play-lh.googleusercontent.com/MqiN3qWFch5MxRBiO4OsS4QWBO5gQqfnGx27x5Of1kw8-it-D9tlimr1pTspQhoJcA"
    ],
    "video": null,
    "videoImage": null,
    "contentRating": "Everyone",
    "contentRatingDescription": null,
    "adSupported": true,
    "containsAds": true,
    "released": "Jun 13, 2020",
    "updated": 1640257838,
    "version": "1.29",
    "recentChanges": null,
    "recentChangesHTML": null,
    "comments": [
        "Not very happy with this app.",
        "The app is okay but the contents can be improved upon",
        "Awful app, please don't download it. It's not working at all, all fake",
        "It's very easy to use n Add the GIFs on whatsapp",
        "Well No problem",
        "Good With lovely images",
        "Very NICE and good to send to your partner....",
        "Useless app, time waste.",
        "U can't add to ur gif in WhatsApp",
        "I got what I xpected I love this app It's ok",
        "This apps choice love it ...",
        "It's perfect",
        "Adds are irritating me",
        "Do not download, spam",
        "WORST GAME EVER I HATE I DON'T RECOMMEND THAT YOU INSTALL IT😠😠😠😠😠😠😠😠",
        "This is the best",
        "It is a nice app",
        "G MN u UT. H yr h. Gfg MIUI hh IOU you h ji loop li they highly Guthrie hurt GHG gh hi byh g x a xz GT gf gf gf gf h gg u j hj UK HGH greg hg gf gf g hg hg gf gf g by g yh hggg gf g gf yr g gf g ugh g hg gg gf gf HCG g by NH gggg g g ggg hg gg GH uhggh JH h JH KH hg gg JH JH hug hu uh you IUI y IU Koh uh IU huh uh uh huh it uh uh Oki huh yu uni Kho rhlg hug hug g h it NJ NY yr uh huh g yr gf h g the HGH hg g ugh ugh IUI Kho you yuh JH yu oil IU u JH uh uh-huh in UK h uh-huh a look",
        "i love this app",
        "Thanks for your app is best",
        "Oh come on",
        "I like kiss kiss k",
        "Best app For whatsapp",
        "Bad app",
        "Re",
        "جميل",
        "Se x 😍😍😍🤩",
        "nice app",
        "Very good",
        "Good app",
        "Good",
        "Marvelous",
        "Nice",
        "Good",
        "ممتاز جدا",
        "᭙ꪮ᭙",
        "G4eat",
        "Good app",
        "Goood appp",
        "Fine"
    ],
    "editorsChoice": false,
    "similarApps": [
        "com.waf.lovemessageforgf",
        "es.transfinite.gif2sticker",
        "runnableapps.animatedstickers",
        "com.waf.husbandmessages",
        "ali.alhadidi.gif_facebook"
    ],
    "moreByDeveloper": [
        "com.global.stock.romantic_coupleimages",
        "com.global.stock.KissGIF",
        "com.global.stock.ILoveYouGIF",
        "com.global.stock.romantic_couplegif",
        "com.global.stock.KissTips"
    ],
    "appId": "com.global.stock.KissGIFImage",
    "url": "https://play.google.com/store/apps/details?id=com.global.stock.KissGIFImage&hl=en_US&gl=US"
}