{
    "title": "اغنية حلمي تحطم واختقى مع الكلمات -اغاني انمي 2021",
    "description": "اغاني هنتاي ومنها اغنية حلمي تحطم واختفى مع الكلمات 2021.\r\n\r\nالاغنية الشهيرة حلمي تحطم واختفى هنتاي الان عبر هذا التطبيق كاملة مع كلمات اغنية حلمي تحطم واختفى و فيديو كليب اونلاينن ثبت التطبيق واستمتع في تنزيل اغاني مجانا.\r\n\r\nاحصل على جميع اغاني ايمي هيتاري 2021 عبر هذا التطبيق.\r\n\r\nما اجمل الاستماع الى اغاني انمي و مشاهدة اغاني ايمي هيتاري الجميلة التي دائما ما تذكرنا بالايام الخوالي واسمتع الان في اغنية حلمي تحطم مع الكلمات 2012.\r\n\r\nظهرت اغنية حلمي تعحطم واختفى في الكثير من القنوات واعجبت الكثير من الناس وهب تعتبر من ضمن اجمل اغاني ايمي هيتاري.\r\n\r\nكلمات اغنية حلمي تحطم :\r\nحلمي تحطم واختفى\r\nو العزم في قلبي غفا\r\nو الدمع من عيني يسقط مرهفا\r\nأملي تحطم في الصخور\r\nو الحزن أضحى بي يدور\r\nو اليأس يكتب نفسه بين السطور\r\nالخوف قيّد أضلُعي\r\nلم يبقَ لي شخص معي\r\nو شعرتُ همساً خافتاً في مسمعي\r\nهمسٌ يقول الى متى\r\nستظل تغرق في البكاء\r\nقم نحو شمس الصبح لا غيم الشتاء\r\nيأس القلوب نعم يزال\r\nلا لا يدوم فذا مُحال\r\nفانظر إلى الدنيا معي هيا تعال\r\nانظر الى تلك النجوم\r\nمهما تغطيها الغيوم\r\nستظل تلمع حرة . حباً تحوم\r\nانظر الى البدر الجميل\r\nبدل البكاء أوالعويل\r\nمع نور شمس الصبح في لطف يميل\r\nفانسى المآسي والهموم\r\nو امسح دموعك والغموم\r\nو اعلم بأن الحزن شيءٌ لا يدوم\r\nفي قوةٍ قم للطموح\r\nلا لا تبالي بالجروح\r\nكن مؤمناً أن النجاح على السفوح\r\nسر خلف حُلمك قل نعم\r\nو انسى التراجع و الألم\r\nو بروعةِ غني التفائل كالنغم\r\nفبدأت أبكي في رجاء\r\nوالشمس تشرق بالضياء\r\nورفعت رأسي عالياً نحو السماء\r\nو صرخت أني استطيع\r\nاكمال حُلمي لن اضيع\r\nسأسير في أملٍ الى الدرب الوسيع\r\nودّعت يأسي ها هنا\r\nوتركت آلامي أنا\r\nووقفت في عزم لامشي للمنى\r\nفتفتحت حولي الزهور\r\nوبعطرها نشر السرور\r\nوبراحة أحسست لامسني الشعور\r\nما عدت أعرف ما اقول\r\nفالقلب أضناه الذهول\r\nو بداخلي فرحٌ و إصرار يجول\r\nفأعدت حلمي للأمان\r\nحلقت قد آن الأوان\r\nكالنسر نحو الشمس أطلقت العنان\r\nو بدأت أمحي ما مضى\r\nبالحب طرت الى الفضاء\r\nعن كل شيء داخلي أنا في رضى\r\nحزني تحطم واختفى\r\nو الخوف في قلبي غفا\r\n\r\n\r\nحمل تطبيق اغاني هنتاي و اغنية حلمي تحطم و اختفى الان مجانا اونلاين عبر متجر جوجل.",
    "descriptionHTML": "اغاني هنتاي ومنها اغنية حلمي تحطم واختفى مع الكلمات 2021.<br><br>الاغنية الشهيرة حلمي تحطم واختفى هنتاي الان عبر هذا التطبيق كاملة مع كلمات اغنية حلمي تحطم واختفى و فيديو كليب اونلاينن ثبت التطبيق واستمتع في تنزيل اغاني مجانا.<br><br>احصل على جميع اغاني ايمي هيتاري 2021 عبر هذا التطبيق.<br><br>ما اجمل الاستماع الى اغاني انمي و مشاهدة اغاني ايمي هيتاري الجميلة التي دائما ما تذكرنا بالايام الخوالي واسمتع الان في اغنية حلمي تحطم مع الكلمات 2012.<br><br>ظهرت اغنية حلمي تعحطم واختفى في الكثير من القنوات واعجبت الكثير من الناس وهب تعتبر من ضمن اجمل اغاني ايمي هيتاري.<br><br>كلمات اغنية حلمي تحطم :<br>حلمي تحطم واختفى<br>و العزم في قلبي غفا<br>و الدمع من عيني يسقط مرهفا<br>أملي تحطم في الصخور<br>و الحزن أضحى بي يدور<br>و اليأس يكتب نفسه بين السطور<br>الخوف قيّد أضلُعي<br>لم يبقَ لي شخص معي<br>و شعرتُ همساً خافتاً في مسمعي<br>همسٌ يقول الى متى<br>ستظل تغرق في البكاء<br>قم نحو شمس الصبح لا غيم الشتاء<br>يأس القلوب نعم يزال<br>لا لا يدوم فذا مُحال<br>فانظر إلى الدنيا معي هيا تعال<br>انظر الى تلك النجوم<br>مهما تغطيها الغيوم<br>ستظل تلمع حرة . حباً تحوم<br>انظر الى البدر الجميل<br>بدل البكاء أوالعويل<br>مع نور شمس الصبح في لطف يميل<br>فانسى المآسي والهموم<br>و امسح دموعك والغموم<br>و اعلم بأن الحزن شيءٌ لا يدوم<br>في قوةٍ قم للطموح<br>لا لا تبالي بالجروح<br>كن مؤمناً أن النجاح على السفوح<br>سر خلف حُلمك قل نعم<br>و انسى التراجع و الألم<br>و بروعةِ غني التفائل كالنغم<br>فبدأت أبكي في رجاء<br>والشمس تشرق بالضياء<br>ورفعت رأسي عالياً نحو السماء<br>و صرخت أني استطيع<br>اكمال حُلمي لن اضيع<br>سأسير في أملٍ الى الدرب الوسيع<br>ودّعت يأسي ها هنا<br>وتركت آلامي أنا<br>ووقفت في عزم لامشي للمنى<br>فتفتحت حولي الزهور<br>وبعطرها نشر السرور<br>وبراحة أحسست لامسني الشعور<br>ما عدت أعرف ما اقول<br>فالقلب أضناه الذهول<br>و بداخلي فرحٌ و إصرار يجول<br>فأعدت حلمي للأمان<br>حلقت قد آن الأوان<br>كالنسر نحو الشمس أطلقت العنان<br>و بدأت أمحي ما مضى<br>بالحب طرت الى الفضاء<br>عن كل شيء داخلي أنا في رضى<br>حزني تحطم واختفى<br>و الخوف في قلبي غفا<br><br><br>حمل تطبيق اغاني هنتاي و اغنية حلمي تحطم و اختفى الان مجانا اونلاين عبر متجر جوجل.",
    "summary": "My dream song Crash and Disappeared and Amy Hetari songs 2021",
    "summaryHTML": "My dream song Crash and Disappeared and Amy Hetari songs 2021",
    "installs": "5,000+",
    "minInstalls": 5000,
    "score": 0,
    "ratings": null,
    "reviews": 0,
    "histogram": [
        0,
        0,
        0,
        0,
        0
    ],
    "price": 0,
    "free": true,
    "currency": "USD",
    "sale": false,
    "saleTime": null,
    "originalPrice": null,
    "saleText": null,
    "offersIAP": false,
    "inAppProductPrice": null,
    "size": "32M",
    "androidVersion": "5.0",
    "androidVersionText": "5.0 and up",
    "developer": "M.A house",
    "developerId": "M.A+house",
    "developerEmail": "mohammadabulebda01@gmail.com",
    "developerWebsite": "https://16545.appads-txt.com/ads-app.txt",
    "developerAddress": null,
    "privacyPolicy": null,
    "developerInternalID": "7797988810539480227",
    "genre": "Music & Audio",
    "genreId": "MUSIC_AND_AUDIO",
    "icon": "https://play-lh.googleusercontent.com/1GiI5X8MQiHIs1uEPuu3z9MI5XhaeiLDQHx1XkkSQ11Q4pzmS7pchlC7on6pdbY_nZk",
    "headerImage": "https://play-lh.googleusercontent.com/RXaZSrRW86eIUSD4nDRL0Ezb-eASsi805RPJNprilVqphkVQd9o7AR3Jfg0YAbGnpQ",
    "screenshots": [
        "https://play-lh.googleusercontent.com/ErgeF9CNay5oUOpPV1HUJ0PaRA4jJ3CNAg8P2cDfX3s6gZs9qBDQH6G-32a0JuvrGg",
        "https://play-lh.googleusercontent.com/dvBRTUl4k9_aPmYeQgGZJaMFrgegeriCy-QzGA4ifrsjBnj5lQTL7W1QT2UsF1vCpg",
        "https://play-lh.googleusercontent.com/eCFfYLCvG64MGLpnz7g56kHevgGhcFU4ZqFY_bO8DMECuarsR45SSWqO4Kf3mXzl8A"
    ],
    "video": null,
    "videoImage": null,
    "contentRating": "Everyone",
    "contentRatingDescription": null,
    "adSupported": true,
    "containsAds": true,
    "released": "Aug 28, 2021",
    "updated": 1630148836,
    "version": "1",
    "recentChanges": null,
    "recentChangesHTML": null,
    "comments": [],
    "editorsChoice": false,
    "similarApps": null,
    "moreByDeveloper": [
        "com.moh.abd.aqbalali",
        "com.akwalhkmapp.app47872125757291",
        "com.m.mo.l",
        "com.moh.abood.avatar.oip",
        "com.mohammadabulebda.sheraboutalak"
    ],
    "appId": "com.hlm2021holmyapp.app47121875614276",
    "url": "https://play.google.com/store/apps/details?id=com.hlm2021holmyapp.app47121875614276&hl=en_US&gl=US"
}