{
    "title": "Bubble Robot",
    "description": "\"This is the app of the Clementoni Bubble robot. \r\nThe app is divided into two areas: DRAW and TANGRAM.\r\nIn the DRAW area you can practice creating and saving your drawing projects which you can then replicate through the robot.\r\nIn the TANGRAM area you must compose the figures, which you can then send to BUBBLE so that the robot can draw them.\"",
    "descriptionHTML": "&quot;This is the app of the Clementoni Bubble robot. <br>The app is divided into two areas: DRAW and TANGRAM.<br>In the DRAW area you can practice creating and saving your drawing projects which you can then replicate through the robot.<br>In the TANGRAM area you must compose the figures, which you can then send to BUBBLE so that the robot can draw them.&quot;",
    "summary": "Have fun creating your masterpieces and play with the Tangram!",
    "summaryHTML": "Have fun creating your masterpieces and play with the Tangram!",
    "installs": "50,000+",
    "minInstalls": 50000,
    "score": 0,
    "ratings": null,
    "reviews": 0,
    "histogram": [
        0,
        0,
        0,
        0,
        0
    ],
    "price": 0,
    "free": true,
    "currency": "USD",
    "sale": false,
    "saleTime": null,
    "originalPrice": null,
    "saleText": null,
    "offersIAP": false,
    "inAppProductPrice": null,
    "size": "30M",
    "androidVersion": "4.1",
    "androidVersionText": "4.1 and up",
    "developer": "Clementoni S.p.A.",
    "developerId": "7481325896989786351",
    "developerEmail": "assistenza@clementoni.it",
    "developerWebsite": "https://www.clementoni.com",
    "developerAddress": "Zona Ind.le Fontenoce - 62019 Recanati (MC)",
    "privacyPolicy": "https://clemworld.clementoni.com/en/app/",
    "developerInternalID": "7481325896989786351",
    "genre": "Educational",
    "genreId": "GAME_EDUCATIONAL",
    "icon": "https://play-lh.googleusercontent.com/USoJgBUksg68l858XuGe_sbda_nvD5aj2qRFPlkza0ZvYDNy0f6Mr2zMVcGn9Vas-5s",
    "headerImage": "https://play-lh.googleusercontent.com/P7H0etz46hEHhTI0XX0z-3TBQtm1xdqfD9lsHFnLNANVCQdmAIBKKi4TyfA43ROfmQ",
    "screenshots": [
        "https://play-lh.googleusercontent.com/TYOAK67YRv1bCnNGhHd81mJf-fLDW7VAi4YCHFgZQg05TTOh1hBNqFCmoVlMpLPQPyE",
        "https://play-lh.googleusercontent.com/AMirKYntSMDeYcU8xflSSDGBLNn6zyEHLxDROmOgrAHhHATpFqRGnFyAaRaGLugfmQ",
        "https://play-lh.googleusercontent.com/Ie3w72-L8CM3jIjqcHsFJdK3CI9TqGn7DuBDY3iH_3qWbjrgYG4ionlVSFcRJW3wL3k",
        "https://play-lh.googleusercontent.com/Z2hE06I6o34Bx3_-OG-qHqcTTQ_E3tm4GlfKLsk5lDd1eigueZTfQSxQC-jORUt9OC3r",
        "https://play-lh.googleusercontent.com/yPvNCJ5rBEtYWTgcoVYLCy2Wo_QEsw-K_XbZ4VnUFLJpQ4Fgme1kiuI_QoeLER3GXg",
        "https://play-lh.googleusercontent.com/uiJOM3h5T3WSmJ3pQZcNRCz5AynDs0aJnhqv2TVSYf8Hro_4vIaZRSUBWjkmK7NOxBwp",
        "https://play-lh.googleusercontent.com/49zN3dG8l_yMHrc-I0LU4U1BDGh7h4mP_MOvqYo0IZ3oxjnyb7xADvcs3SQzRT5M4wE",
        "https://play-lh.googleusercontent.com/WG-SpbhuYYE-IituyeuruH0FBcEGIf3mmYR8kXa4SdjXdlzVCVBqvLGiAyOSJzd-fdk",
        "https://play-lh.googleusercontent.com/CIeDJOS-n4xOtyBBe94X5VQqtVajXpKzzBejZIpxEj_v9BhoMvRihX3qldMglngcqjU",
        "https://play-lh.googleusercontent.com/UhJlZNCCuz728UJEK1_Yg-t0n3krJ_FL8mOqa4TDQxfjZzSXu3qdNW6H4FpCjosHizY",
        "https://play-lh.googleusercontent.com/eIPkaLhgGez9i50gJ6Vd8aGVngGMuVaNZfQ-fOEcrJ8U_-AC2Q6sparfSYQgopmyOmo",
        "https://play-lh.googleusercontent.com/oN4sAsQiyqehtExi2VOPLFgwes2_uUsySF08RQAqX4wS9iZquX4zrII5cMQ42dVL3AU",
        "https://play-lh.googleusercontent.com/fuY6EtijZPD-ve3cvEbiTCt6mca68S5Mx5mL51XrWt1j8L2GBWkD_CMc7hpddL5J4GY",
        "https://play-lh.googleusercontent.com/_PU4HzU4vdy4Ak7kkufKPjpNr77au9GssbDsUmPY-bMSiY_4p8L7pq3HjgGEGPAGD-c",
        "https://play-lh.googleusercontent.com/eQLMkdk24yGz1NbtbfkcmRH2tqe2ZEhAvVU7nUndwuwjGKCf6U7iuoYXIT2p2R8XnYDH"
    ],
    "video": null,
    "videoImage": null,
    "contentRating": "Everyone",
    "contentRatingDescription": null,
    "adSupported": null,
    "containsAds": false,
    "released": "Aug 27, 2020",
    "updated": 1598857809,
    "version": "1.1",
    "recentChanges": null,
    "recentChangesHTML": null,
    "comments": [
        "Super good app!",
        "Not to good at all",
        "How do you make the robot follow the app?",
        "خیلی بد است",
        "Awesome app 😉✌",
        "بازی بسیار عالی است",
        "Bubble robots",
        "تقنککق😊"
    ],
    "editorsChoice": false,
    "similarApps": [
        "com.iabuzz.Robot",
        "com.spinmaster.boxer",
        "com.robobloq.az",
        "com.budgestudios.googleplay.TransformersDisasterDash",
        "com.learnyland.thecatandtherobot"
    ],
    "moreByDeveloper": null,
    "appId": "it.clementoni.bubble",
    "url": "https://play.google.com/store/apps/details?id=it.clementoni.bubble&hl=en_US&gl=US"
}