{
    "title": "Sexy Girls Wallpapers",
    "description": "Loved by one million users worldwide. Enjoy hot girls backgrounds HD and free hot photos album for smartphone! Hot pics of bikini girls and hot actress are updated daily!\r\nOver 10000 hot models and asian beautiful girls pictures are contained!\r\nHot girls backgrounds include partly chinese, japanese and korean pretty women in swimsuits on beaches.\r\nAll sexy women and hot models are over 18 years old.\r\n\r\nNew Features\r\n- High quality and resolution images.\r\n- Cute sexy babe in other regions are provided.\r\n- My Favorite that collect the beauty of hot girls pics into apps has been implemented.\r\n- Fast download.\r\n- Saving hot images of pretty girls into SD card or device for home screen.\r\n- Lock screen compatible.\r\n- Hot bikini girls collection ranking of hot pics.\r\n- Hottest girls in monthly top.\r\n- The latest sexy women every time.\r\n- Sexiest women wearing swimwear in the category of weekly.\r\n- Cool wallpapers of sexy ladies for android phone and tablet.\r\n- Notification ON/OFF setting in menu.\r\n- Auto play mode.",
    "descriptionHTML": "Loved by one million users worldwide. Enjoy hot girls backgrounds HD and free hot photos album for smartphone! Hot pics of bikini girls and hot actress are updated daily!<br>Over 10000 hot models and asian beautiful girls pictures are contained!<br>Hot girls backgrounds include partly chinese, japanese and korean pretty women in swimsuits on beaches.<br>All sexy women and hot models are over 18 years old.<br><br>New Features<br>- High quality and resolution images.<br>- Cute sexy babe in other regions are provided.<br>- My Favorite that collect the beauty of hot girls pics into apps has been implemented.<br>- Fast download.<br>- Saving hot images of pretty girls into SD card or device for home screen.<br>- Lock screen compatible.<br>- Hot bikini girls collection ranking of hot pics.<br>- Hottest girls in monthly top.<br>- The latest sexy women every time.<br>- Sexiest women wearing swimwear in the category of weekly.<br>- Cool wallpapers of sexy ladies for android phone and tablet.<br>- Notification ON/OFF setting in menu.<br>- Auto play mode.",
    "summary": "Sexy girls wallpapers HD and bikini photos are added everyday!",
    "summaryHTML": "Sexy girls wallpapers HD and bikini photos are added everyday!",
    "installs": "1,000,000+",
    "minInstalls": 1000000,
    "score": 4.3212123,
    "ratings": 19996,
    "reviews": 625,
    "histogram": [
        1693,
        475,
        1572,
        2181,
        14075
    ],
    "price": 0,
    "free": true,
    "currency": "USD",
    "sale": false,
    "saleTime": null,
    "originalPrice": null,
    "saleText": null,
    "offersIAP": false,
    "inAppProductPrice": null,
    "size": "8.3M",
    "androidVersion": "4.4",
    "androidVersionText": "4.4 and up",
    "developer": "Models & Beautiful Look",
    "developerId": "Models+%26+Beautiful+Look",
    "developerEmail": "mail.bestmodels@gmail.com",
    "developerWebsite": "https://models3renewal.web.app",
    "developerAddress": null,
    "privacyPolicy": "https://mailbestmodels.wixsite.com/modelsbeautifullook/privacy-policy/",
    "developerInternalID": "5159036672506878200",
    "genre": "Entertainment",
    "genreId": "ENTERTAINMENT",
    "icon": "https://play-lh.googleusercontent.com/uF10zBgnVg8noQ6JIyBKJesfcvzvNfNvofzzUqkvYNh0Gh2fqgdxbmFSfTZdBpuGdGk",
    "headerImage": "https://play-lh.googleusercontent.com/RiyuTMiGZQ0a-AYIg4z870uY2q7WKr53OFxsLwswceKZQhRMLic2wjk2UnAPbBsc5Q",
    "screenshots": [
        "https://play-lh.googleusercontent.com/h6Q54BxBONa6luzouTU7vD1YOJDD8mMVO2gE8U5UOTUOr--1iGKzgVHINSMfXTPyFb2f",
        "https://play-lh.googleusercontent.com/MPdQiPwHIY3pQHYOLLqhHePPy9-mCBHBr7Vxow0r0ncpHJZEzNYDt-A2AkTSCwfLlME",
        "https://play-lh.googleusercontent.com/iajc-gPy56nqvEwmQhOdQdGhegQWf2GvbSmDP7C6KKiYsRP8IIh5yDYed9ExY7Ar_Q",
        "https://play-lh.googleusercontent.com/pZe0ybFf9o8b_ZXeiBZmQTgf-gB093D0wFa-fq4NuEdqJPQLCHt_GBpKjkz8yS2dB84q",
        "https://play-lh.googleusercontent.com/CouBpqs2TiyorXoBVayjtF8rHcpUbjtS1HDMXQ2A9rj8kB4jYVbHcBHbnJ6YW9-ESQc",
        "https://play-lh.googleusercontent.com/KC_04Vsz_rbDS6XHvFzZGrScWZtZiryDSVOV4ycrTyVhv6VuIfJ_TYrfGCxy-qsR2Vg",
        "https://play-lh.googleusercontent.com/C-AQy3frkh5GztgtduSKZuoYeVWiOZ0CshRTtT7nRHTwijXhfYRiyfhQQ0KS2748kQ",
        "https://play-lh.googleusercontent.com/TvkbuR8XuqvAjupL2oj3B8hMWuScAWW2tvgDit5OtZpj2Rp_a2w8tnMDYdwzK2oXJo4",
        "https://play-lh.googleusercontent.com/s4Tb_NaYII63_sEUwWAehDx9a9d3DVWpja5-SuDq3uObAClmLmF2FCsTpKJIYGgFCg",
        "https://play-lh.googleusercontent.com/32gujQHIt_Cgy6NqHQvcN2pOvQ8ifLKflXlo7jBRbnAUPSErIDehhJaoFsm5ea9zXuiv",
        "https://play-lh.googleusercontent.com/a3tpBJYb-10K0VeM4Te8ml2e3ml-NxBM_OUQyhZrU4RHe1VM8sYlRTvjcJtnJ6UWrQ",
        "https://play-lh.googleusercontent.com/CRp5jmgouk6AQVKUqno0lt6jP8XhR74N4T2lRHfgf5cTeUVzJzMUSxSQGOk2JON0IA",
        "https://play-lh.googleusercontent.com/zM1EcE-MTeGZw3JxdHCgt0hX3oKHXVve9GfTrRB-3yImRILqEm6Ycp9a3RD8CwxsFQ",
        "https://play-lh.googleusercontent.com/in7mG4wL-8UCCz-YVxKE-0XQVVkKfyiEceatxY2pnLhDtpGvLjc7XISRIEOHNSToyaI-",
        "https://play-lh.googleusercontent.com/2l1x3BXhlS43dXnxgRWTBatul1K_3u7qkYf-IPLiA_vaQ4DGbVs37olHwkfrC-hbuqM",
        "https://play-lh.googleusercontent.com/KPwR_UKeoqLLTJ8DdkObg6TwE2gbq0ihgMGFm4Y1QdRWBAdXueVx7Ls_Nkb7prWC9c8",
        "https://play-lh.googleusercontent.com/8AZW-Ylkz_ns1PcKR8vcMvAifHye3CuUbmTQPxVQXoky0xL1NLz98IrCyEHKcEL5XWI",
        "https://play-lh.googleusercontent.com/O6CgEm75vkrcQB4S8_58waeVF_KBRniO02PVnI0eN5YEGS6HZefKHtQJQnPxGV-sHg",
        "https://play-lh.googleusercontent.com/K8Pk3ceqsgybhUK0pKJhJJNiUW0NhfIm8ECj8WA3nGifpnM-9luynkqEDyOyoBuyRk8",
        "https://play-lh.googleusercontent.com/P7xRObccU4NawejsJw_pWraGVRQfzTmYVSpXneap7kddzUSYDbukZASwNQ8ZAu1wLlk",
        "https://play-lh.googleusercontent.com/HChNyOlSZyVVcMsEyb5FQn1JiQnqxsVEV0cQv_pbyV0wgiI5_MGelng2a3j94UL0G_7o",
        "https://play-lh.googleusercontent.com/RcUxpyahnZ6S01ZK4P9joL6DO1TQJyym_Fu_Ls6PeeqkR9GkZ-NxTry8X61wPDhFlXA",
        "https://play-lh.googleusercontent.com/KtTcyph_wSg_D8fnLby2wORCzmYSwZFLttTHax1sjTJ9PiUHftTp0bREWfxu9d70j82D",
        "https://play-lh.googleusercontent.com/xGg-OcnOM5ZOsR4zbenT824NhJ9Cw3PTyQOrHMOiybenYSe13ior0fTBdDzw8hWvI6y1"
    ],
    "video": null,
    "videoImage": null,
    "contentRating": "Mature 17+",
    "contentRatingDescription": "Diverse Content: Discretion Advised",
    "adSupported": true,
    "containsAds": true,
    "released": "Aug 26, 2014",
    "updated": 1645333294,
    "version": "26.9",
    "recentChanges": "Thank you for using this app.\r\nPerformance improvement. Minor bug fix.\r\n\r\n- Bug fixes.",
    "recentChangesHTML": "Thank you for using this app.<br>Performance improvement. Minor bug fix.<br><br>- Bug fixes.",
    "comments": [
        "beautiful girls, but i think some nudity would be ok. There also isn't a way to get it as your wallpaper in the app. Once again sexy girls and great bodies but i think that some skinnier, bigger boobed, and less converted girls would be fantastic.",
        "I've been using this for about a year now and I can say this is an amazing app. New great quality pictures everyday with multiple categories. Would highly recommend.",
        "Outstanding beauty. quick response. Only problem, never enough girls. x10 girls would be better (of course), truly great app.",
        "Be amazed at how much the world can do when you're intrigued by a book that shows the difference between being and making music from beauty",
        "Lovely pictures and a nice interface. The app accomplishes what it's supposed to.",
        "I love it but there's something missing and that is the girls that are naked are all covered up so can you make a yearly top with a few uncovered naked girls",
        "this app is amazing, it shows real, sexy women, except it lacks full nudity. there should be another section/category for full nudity pics",
        "Photos doesn't gets in phone gallery 😞 please fix it",
        "Hello! I like the app, continue adding more sexy girls everyday!",
        "Can not download pictures on sd card.",
        "I wish there were a lot more different girls. Otherwise, so far, so good.",
        "This app offers me pics of sexy hot bikini girls every day. I like this app very much. 😇",
        "Wonderful way to Start a New Day w/ Excellent Choice of Sirens....👌💥",
        "This is the best game ever it's so sexy and hot and I love the girls are so cute and hot and sexyyy l love",
        "Good but only shiws girls in underwear could let us see more",
        "I can't properly download the pictures But it's still good",
        "Good app. Updates every day .",
        "This was one of the most amazing apps with features that had met my expectations. The App is very sexy and it has the Abilities to save pictures to your gallery to set as your background photo. Also, it has very hot girls in them and consists of few folders including your favorites if you added any photos there. Nonetheless, it's your desire if you want to save the photo of the specific girl you like to the device memory otherwise if you're looking for the best wallpaper app then I prefer this.",
        "Great app: download supported, no too-intrusive ads, swipe-borne browsing supported, favourites supported, pictures daily updated and not polluted with celebrity pics that you can find all over the interwebs - hope this app will continue to live for a long time (most girlpaper apps die of neglect after a few months/years) - 1 'minor' point (no real problem): the app's name is Sexy Hot Girls WPs suggesting it contains pics of girls from all races => request: create more apps with different girls",
        "This is a wonderful App, I very like this!",
        "have had to transfer my acc & your app to backup device. my acc having to link up to your photo sections database fresh really has confused your app for while to begin with re display of dates & re mixing up few photo sections. this was unfortunate. ** i do know unfortunately this pandemic has impacted your app coding! - FYI my original device suffered critical damage to the MicroUSB port. will email you soon although this device has very BAD version of GMail unfortunately. .",
        "Very satisfied to this app. Hope you get an update where also other beauty models in different countries will be shown not only japanese cutie models. All in all it is a great app it updates daily for a new batch of of beauty models. Not like those crappy wallpaper apps that has only static options and frequent ads.",
        "Good app what is todays daily first pics model name?",
        "Superb app. Hope none of the Models are underage (18 years) or exploited. They are kind enough to pose to make us happy. Thank you to the other crew as well. Some variety, some skin too. Why are some of the models sad or appear reluctant?",
        "Brilliant app but please upload your modals and all the other new girls fast and also try to show the girl's breast clear. It will be very good if you start showing it clearly. This is my humble request upload girls as much fast as you can.",
        "This is a best app, we hope in the next update there will be a live wallpaper.",
        "Some girls look like grade one students and should be in school. Let's see something different in underwear and change the pose, it's a good site for perverts and those who like very young girls.",
        "worked really well until 16th January. uninstalled it and reinstalled under different name, much improved. well done.",
        "A good app but I cann't save to galery",
        "really liked this app bcoz of it uploads on regular basis , good thing is that they upload at just start of that day at 00:00hrs all models have good",
        "Make some more I loved them",
        "Beautiful.....pics are there but i wish that there should be more images available of sexy models with more intimate poses. Then that app will kill .......hotness do sconsider my request",
        "Worst app in the play store!!! Don't download!!! Ads every 10 seconds, pictures are brutal, the company the made is sketchy and rude. If I wanted to look at underagers I would go to my local high school. Disgusting",
        "So much sexy girls i have ever seen. If they are without bra & panty 👙 it would be more exciting to see them. Then i was thinking i am doing sex with them. Please, if possible please show some video of them without clothes. I am waiting for these sexy. 👌👌 and it was a very good app also.",
        "This app is so good and you even can set it as your wall paper 📄 but you can check out glitzy",
        "Please stop ruining the photo, fake blur that you add looks awful and make the photos even worse, please stop. please.",
        "Pictures are beautiful, but the download button doesnt work with the latest update",
        "Nice pics, but cant download pics onto phone, only onto the app for storage.",
        "I love this wallpaper app i really don't care about ratings or opinions, this app is good for your cellphone.",
        "When I download pic it shows successfully downloaded but when I use gallery there is no picture!!"
    ],
    "editorsChoice": false,
    "similarApps": null,
    "moreByDeveloper": null,
    "appId": "mandl.beautiful.fashion",
    "url": "https://play.google.com/store/apps/details?id=mandl.beautiful.fashion&hl=en_US&gl=US"
}