{
    "title": "Brenden Theatres",
    "description": "Download the FREE Brenden Theatres app and wherever and whenever you’ll be able to effortlessly enjoy all these great features:\r\n\r\nEARN VIP REWARDS \r\n* Download the App, Login or Join the VIP Rewards Program\r\n* Earn Points on All Purchases Through the App\r\n* Keep Track of all Purchases and Rewards\r\n\r\nVIEW SHOWTIMES & PURCHASE TICKETS\r\n* Watch Movie Trailers\r\n* Search for Showtimes – Share the Movie & Time with Friends!\r\n* View Ticket Purchase History",
    "descriptionHTML": "Download the FREE Brenden Theatres app and wherever and whenever you’ll be able to effortlessly enjoy all these great features:<br><br>EARN VIP REWARDS <br>* Download the App, Login or Join the VIP Rewards Program<br>* Earn Points on All Purchases Through the App<br>* Keep Track of all Purchases and Rewards<br><br>VIEW SHOWTIMES &amp; PURCHASE TICKETS<br>* Watch Movie Trailers<br>* Search for Showtimes – Share the Movie &amp; Time with Friends!<br>* View Ticket Purchase History",
    "summary": "Brenden",
    "summaryHTML": "Brenden",
    "installs": "1,000+",
    "minInstalls": 1000,
    "score": 2.9333334,
    "ratings": 15,
    "reviews": 12,
    "histogram": [
        7,
        0,
        1,
        1,
        6
    ],
    "price": 0,
    "free": true,
    "currency": "USD",
    "sale": false,
    "saleTime": null,
    "originalPrice": null,
    "saleText": null,
    "offersIAP": false,
    "inAppProductPrice": null,
    "size": "44M",
    "androidVersion": "5.0",
    "androidVersionText": "5.0 and up",
    "developer": "Brenden Theatres",
    "developerId": "Brenden+Theatres",
    "developerEmail": "brendenvista1@gmail.com",
    "developerWebsite": "http://www.brendentheatres.com",
    "developerAddress": null,
    "privacyPolicy": "http://www.brendentheatres.com",
    "developerInternalID": "7560371393873761612",
    "genre": "Entertainment",
    "genreId": "ENTERTAINMENT",
    "icon": "https://play-lh.googleusercontent.com/ptPpeAPMrwFCzxIuFMe0AL5ZGJmEY2QZUA7cUg4lG1FpIbG2t1XsqsLnjfJ3ZLne8g",
    "headerImage": "https://play-lh.googleusercontent.com/XOpInbaLsRhf5aRYLIrvRCRogUNExezvhtnB_2JDbed3-98jR6nqrDAAv6_h9QejQQk",
    "screenshots": [
        "https://play-lh.googleusercontent.com/Wq3k0DgYfOo66Duqg_YmoecDqNUAByXAp_bbGFyGnIjLcm6cvZzMRQlm77-asWhd7hQ",
        "https://play-lh.googleusercontent.com/HNkrt2btN56PIUfo5vMqMskQJjQVsN7doq1zIEiHA6rSH1JK3HTv4rVaT1Amk-j94_0",
        "https://play-lh.googleusercontent.com/upuCmgov_AT7hTKHkiMC1G2IZDBUOO-2OlvoGpnDOCNHsr9IeMG7XPi6vP6hPMX1d74",
        "https://play-lh.googleusercontent.com/ZOBqrWqDyGZPm5Jy8gHLQ9MB2JtcW7f_lXH7sbdtAe7vJ87fHHUyz72SqDpUYMnwwmBn",
        "https://play-lh.googleusercontent.com/oGTrKSXurA-7YIerbWziWYIZ25oYtkPxeQvwcHDEsBum4U0tM4X7ZEP25NNrd39NUbs"
    ],
    "video": null,
    "videoImage": null,
    "contentRating": "Everyone",
    "contentRatingDescription": null,
    "adSupported": null,
    "containsAds": false,
    "released": "Jan 18, 2019",
    "updated": 1547850980,
    "version": "5.02.500",
    "recentChanges": "Download the FREE Brenden Theatres app and wherever and whenever you’ll be able to effortlessly enjoy all these great features:\r\n\r\nEARN VIP REWARDS \r\n* Download the App, Login or Join the VIP Rewards Program\r\n* Earn Points on All Purchases Through the App\r\n* Keep Track of all Purchases and Rewards\r\n\r\nVIEW SHOWTIMES & PURCHASE TICKETS\r\n* Watch Movie Trailers\r\n* Search for Showtimes – Share the Movie & Time with Friends!\r\n* View Ticket Purchase History",
    "recentChangesHTML": "Download the FREE Brenden Theatres app and wherever and whenever you’ll be able to effortlessly enjoy all these great features:<br><br>EARN VIP REWARDS <br>* Download the App, Login or Join the VIP Rewards Program<br>* Earn Points on All Purchases Through the App<br>* Keep Track of all Purchases and Rewards<br><br>VIEW SHOWTIMES &amp; PURCHASE TICKETS<br>* Watch Movie Trailers<br>* Search for Showtimes – Share the Movie &amp; Time with Friends!<br>* View Ticket Purchase History",
    "comments": [
        "This app is only for Brandon theater on Willow Pass in Concord California, so far it's a very good app. I like this theater they have the recliner seats that you get to pick what seat you want also has the restaurant inside very worst the $12.50 a seat.",
        "I much rather use this to get movies over other sites. I'm enjoying the ability to get our order for drinks and foods at the same time as purchasing the movie tickets",
        "Only sees one theater and it isn't near me. There is one in my neighborhood but the app doesn't allow me to see it. This app sucks!",
        "What a horrible app! Why is the Concord cinema the ONLY option? Why does my birthday REPEATEDLY reset itself to January 1, 2000?? Why would you promote such a poorly created app at your movie theaters?? It's too bad b'cuz your theaters are a wonderful family experience. Please improve the app. In the meantime, I'll be uninstalling.",
        "Great App. Love the layout and ease of use, and the rewards program!",
        "hard to get a refund or change movie time.. customer service non existance.. i tried contacting and no response. im out $40! stay with Fandango!",
        "just to get the rating up it deserves better everyone who voted 1 star is just retarded and can't read but good app does what it says",
        "Won't let me login, servers are down",
        "i don't know why the Brendan app for Vegas is not here anymore",
        "Literally only one theater shown",
        "not user friendly",
        "good services"
    ],
    "editorsChoice": false,
    "similarApps": [
        "com.cinemark.mobile",
        "nz.co.vista.android.movie.galaxy",
        "com.amc",
        "com.influx.marcus.theatres",
        "com.fandango.regal"
    ],
    "moreByDeveloper": null,
    "appId": "nz.co.vista.android.movie.brenden",
    "url": "https://play.google.com/store/apps/details?id=nz.co.vista.android.movie.brenden&hl=en_US&gl=US"
}